NM_REGIAO,CD_UF,NM_UF,SIGLA,CD_MUN,NM_MUN,AREA_TOT,AREA_INT,PERC_INT,LAT_SEDE,LNG_SEDE,SEDE_AL,,,,
Norte,11,Rondônia,RO,1100015,Alta Floresta D'Oeste,"7.067,13","7.067,13",100,"-11,93","-62,00",sim,,,,
Norte,11,Rondônia,RO,1100023,Ariquemes,"4.426,57","4.426,57",100,"-9,91","-63,03",sim,,,,
Norte,11,Rondônia,RO,1100031,Cabixi,"1.314,35","1.314,35",100,"-13,49","-60,54",sim,,LEGENDA,,
Norte,11,Rondônia,RO,1100049,Cacoal,"3.793,00","3.793,00",100,"-11,44","-61,45",sim,,1,NM_REGIAO,Nome da Região
Norte,11,Rondônia,RO,1100056,Cerejeiras,"2.783,30","2.783,30",100,"-13,19","-60,82",sim,,2,CD_UF,Geocódigo da Unidade da Federação
Norte,11,Rondônia,RO,1100064,Colorado do Oeste,"1.451,06","1.451,06",100,"-13,12","-60,54",sim,,3,NM_UF,Nome da Unidade da Federação
Norte,11,Rondônia,RO,1100072,Corumbiara,"3.060,32","3.060,32",100,"-13,00","-60,94",sim,,4,SIGLA,Sigla da Unidade da Federação
Norte,11,Rondônia,RO,1100080,Costa Marques,"4.987,18","4.987,18",100,"-12,44","-64,23",sim,,5,CD_MUN,Geocódigo do município
Norte,11,Rondônia,RO,1100098,Espigão D'Oeste,"4.518,04","4.518,04",100,"-11,53","-61,02",sim,,6,NM_MUN,Nome do município
Norte,11,Rondônia,RO,1100106,Guajará-Mirim,"24.856,88","24.856,88",100,"-10,79","-65,34",sim,,7,AREA_TOT,Área Total do município
Norte,11,Rondônia,RO,1100114,Jaru,"2.944,13","2.944,13",100,"-10,43","-62,47",sim,,8,AREA_INT,Área do município inclusa na Amazônia Legal
Norte,11,Rondônia,RO,1100122,Ji-Paraná,"6.896,65","6.896,65",100,"-10,88","-61,96",sim,,9,PERC_INT,Percentual da área do município inclusa na Amazônia Legal
Norte,11,Rondônia,RO,1100130,Machadinho D'Oeste,"8.509,27","8.509,27",100,"-9,43","-62,01",sim,,10,LAT_SEDE,Latitude da sede do Município
Norte,11,Rondônia,RO,1100148,Nova Brasilândia D'Oeste,"1.703,01","1.703,01",100,"-11,72","-62,32",sim,,11,LNG_SEDE,Longitude da sede do Município
Norte,11,Rondônia,RO,1100155,Ouro Preto do Oeste,"1.969,85","1.969,85",100,"-10,72","-62,26",sim,,12,SEDE_AL,Sede está inserida na Amazônia Legal
Norte,11,Rondônia,RO,1100189,Pimenta Bueno,"6.241,02","6.241,02",100,"-11,67","-61,19",sim,,,,
Norte,11,Rondônia,RO,1100205,Porto Velho,"34.090,95","34.090,95",100,"-8,77","-63,91",sim,,,,
Norte,11,Rondônia,RO,1100254,Presidente Médici,"1.758,47","1.758,46",100,"-11,17","-61,90",sim,,,,
Norte,11,Rondônia,RO,1100262,Rio Crespo,"1.717,64","1.717,64",100,"-9,71","-62,90",sim,,,,
Norte,11,Rondônia,RO,1100288,Rolim de Moura,"1.457,81","1.457,81",100,"-11,72","-61,77",sim,,,,
Norte,11,Rondônia,RO,1100296,Santa Luzia D'Oeste,"1.197,80","1.197,80",100,"-11,91","-61,78",sim,,,,
Norte,11,Rondônia,RO,1100304,Vilhena,"11.699,15","11.699,15",100,"-12,74","-60,13",sim,,,,
Norte,11,Rondônia,RO,1100320,São Miguel do Guaporé,"7.460,12","7.460,12",100,"-11,69","-62,72",sim,,,,
Norte,11,Rondônia,RO,1100338,Nova Mamoré,"10.070,49","10.070,49",100,"-10,42","-65,33",sim,,,,
Norte,11,Rondônia,RO,1100346,Alvorada D'Oeste,"3.029,19","3.029,19",100,"-11,35","-62,28",sim,,,,
Norte,11,Rondônia,RO,1100379,Alto Alegre dos Parecis,"3.958,27","3.958,27",100,"-12,13","-61,86",sim,,,,
Norte,11,Rondônia,RO,1100403,Alto Paraíso,"2.651,82","2.651,82",100,"-9,72","-63,32",sim,,,,
Norte,11,Rondônia,RO,1100452,Buritis,"3.265,81","3.265,81",100,"-10,20","-63,83",sim,,,,
Norte,11,Rondônia,RO,1100502,Novo Horizonte do Oeste,"843,45","843,45",100,"-11,71","-62,00",sim,,,,
Norte,11,Rondônia,RO,1100601,Cacaulândia,"1.961,78","1.961,78",100,"-10,34","-62,90",sim,,,,
Norte,11,Rondônia,RO,1100700,Campo Novo de Rondônia,"3.442,01","3.442,00",100,"-10,57","-63,62",sim,,,,
Norte,11,Rondônia,RO,1100809,Candeias do Jamari,"6.843,87","6.843,87",100,"-8,80","-63,70",sim,,,,
Norte,11,Rondônia,RO,1100908,Castanheiras,"892,84","892,84",100,"-11,43","-61,95",sim,,,,
Norte,11,Rondônia,RO,1100924,Chupinguaia,"5.126,72","5.126,72",100,"-12,55","-60,90",sim,,,,
Norte,11,Rondônia,RO,1100940,Cujubim,"3.863,95","3.863,95",100,"-9,37","-62,58",sim,,,,
Norte,11,Rondônia,RO,1101005,Governador Jorge Teixeira,"5.067,38","5.067,38",100,"-10,61","-62,73",sim,,,,
Norte,11,Rondônia,RO,1101104,Itapuã do Oeste,"4.081,58","4.081,58",100,"-9,19","-63,19",sim,,,,
Norte,11,Rondônia,RO,1101203,Ministro Andreazza,"798,08","798,08",100,"-11,20","-61,52",sim,,,,
Norte,11,Rondônia,RO,1101302,Mirante da Serra,"1.191,88","1.191,88",100,"-11,03","-62,67",sim,,,,
Norte,11,Rondônia,RO,1101401,Monte Negro,"1.931,38","1.931,38",100,"-10,26","-63,30",sim,,,,
Norte,11,Rondônia,RO,1101435,Nova União,"807,13","807,13",100,"-10,91","-62,55",sim,,,,
Norte,11,Rondônia,RO,1101450,Parecis,"2.548,68","2.548,68",100,"-12,18","-61,60",sim,,,,
Norte,11,Rondônia,RO,1101468,Pimenteiras do Oeste,"6.014,73","6.014,73",100,"-13,48","-61,04",sim,,,,
Norte,11,Rondônia,RO,1101476,Primavera de Rondônia,"605,69","605,69",100,"-11,83","-61,32",sim,,,,
Norte,11,Rondônia,RO,1101484,São Felipe D'Oeste,"541,65","541,65",100,"-11,91","-61,51",sim,,,,
Norte,11,Rondônia,RO,1101492,São Francisco do Guaporé,"10.959,77","10.959,77",100,"-12,06","-63,57",sim,,,,
Norte,11,Rondônia,RO,1101500,Seringueiras,"3.773,51","3.773,50",100,"-11,77","-63,04",sim,,,,
Norte,11,Rondônia,RO,1101559,Teixeirópolis,"459,98","459,98",100,"-10,93","-62,26",sim,,,,
Norte,11,Rondônia,RO,1101609,Theobroma,"2.197,41","2.197,41",100,"-10,25","-62,35",sim,,,,
Norte,11,Rondônia,RO,1101708,Urupá,"831,86","831,86",100,"-11,12","-62,38",sim,,,,
Norte,11,Rondônia,RO,1101757,Vale do Anari,"3.135,11","3.135,11",100,"-9,86","-62,18",sim,,,,
Norte,11,Rondônia,RO,1101807,Vale do Paraíso,"965,68","965,68",100,"-10,43","-62,13",sim,,,,
Norte,12,Acre,AC,1200013,Acrelândia,"1.811,61","1.811,61",100,"-10,08","-67,05",sim,,,,
Norte,12,Acre,AC,1200054,Assis Brasil,"4.979,07","4.979,07",100,"-10,94","-69,57",sim,,,,
Norte,12,Acre,AC,1200104,Brasiléia,"3.928,17","3.928,17",100,"-11,02","-68,75",sim,,,,
Norte,12,Acre,AC,1200138,Bujari,"3.034,87","3.034,87",100,"-9,83","-67,95",sim,,,,
Norte,12,Acre,AC,1200179,Capixaba,"1.705,82","1.705,82",100,"-10,57","-67,68",sim,,,,
Norte,12,Acre,AC,1200203,Cruzeiro do Sul,"8.783,47","8.783,47",100,"-7,63","-72,67",sim,,,,
Norte,12,Acre,AC,1200252,Epitaciolândia,"1.652,67","1.652,67",100,"-11,03","-68,74",sim,,,,
Norte,12,Acre,AC,1200302,Feijó,"27.976,87","27.976,87",100,"-8,17","-70,35",sim,,,,
Norte,12,Acre,AC,1200328,Jordão,"5.357,23","5.357,23",100,"-9,19","-71,95",sim,,,,
Norte,12,Acre,AC,1200336,Mâncio Lima,"5.451,62","5.451,62",100,"-7,61","-72,91",sim,,,,
Norte,12,Acre,AC,1200344,Manoel Urbano,"10.630,60","10.630,60",100,"-8,84","-69,26",sim,,,,
Norte,12,Acre,AC,1200351,Marechal Thaumaturgo,"8.190,95","8.190,95",100,"-8,95","-72,79",sim,,,,
Norte,12,Acre,AC,1200385,Plácido de Castro,"1.952,56","1.952,56",100,"-10,34","-67,18",sim,,,,
Norte,12,Acre,AC,1200393,Porto Walter,"6.446,39","6.446,38",100,"-8,27","-72,74",sim,,,,
Norte,12,Acre,AC,1200401,Rio Branco,"8.835,15","8.835,15",100,"-9,97","-67,81",sim,,,,
Norte,12,Acre,AC,1200427,Rodrigues Alves,"3.076,34","3.076,34",100,"-7,74","-72,65",sim,,,,
Norte,12,Acre,AC,1200435,Santa Rosa do Purus,"6.155,86","6.155,86",100,"-9,44","-70,49",sim,,,,
Norte,12,Acre,AC,1200450,Senador Guiomard,"2.320,17","2.320,17",100,"-10,15","-67,74",sim,,,,
Norte,12,Acre,AC,1200500,Sena Madureira,"23.759,51","23.759,51",100,"-9,06","-68,66",sim,,,,
Norte,12,Acre,AC,1200609,Tarauacá,"20.169,49","20.169,48",100,"-8,16","-70,76",sim,,,,
Norte,12,Acre,AC,1200708,Xapuri,"5.350,59","5.350,59",100,"-10,65","-68,50",sim,,,,
Norte,12,Acre,AC,1200807,Porto Acre,"2.604,42","2.604,42",100,"-9,59","-67,53",sim,,,,
Norte,13,Amazonas,AM,1300029,Alvarães,"5.923,46","5.923,46",100,"-3,21","-64,80",sim,,,,
Norte,13,Amazonas,AM,1300060,Amaturá,"4.754,11","4.754,11",100,"-3,36","-68,20",sim,,,,
Norte,13,Amazonas,AM,1300086,Anamã,"2.446,12","2.446,12",100,"-3,58","-61,41",sim,,,,
Norte,13,Amazonas,AM,1300102,Anori,"6.036,38","6.036,38",100,"-3,75","-61,66",sim,,,,
Norte,13,Amazonas,AM,1300144,Apuí,"54.240,55","54.240,55",100,"-7,20","-59,89",sim,,,,
Norte,13,Amazonas,AM,1300201,Atalaia do Norte,"76.435,09","76.435,09",100,"-4,37","-70,19",sim,,,,
Norte,13,Amazonas,AM,1300300,Autazes,"7.652,85","7.652,85",100,"-3,58","-59,13",sim,,,,
Norte,13,Amazonas,AM,1300409,Barcelos,"122.461,09","122.461,09",100,"-0,97","-62,93",sim,,,,
Norte,13,Amazonas,AM,1300508,Barreirinha,"5.751,77","5.751,76",100,"-2,79","-57,07",sim,,,,
Norte,13,Amazonas,AM,1300607,Benjamin Constant,"8.695,39","8.695,39",100,"-4,37","-70,03",sim,,,,
Norte,13,Amazonas,AM,1300631,Beruri,"17.472,78","17.472,78",100,"-3,90","-61,37",sim,,,,
Norte,13,Amazonas,AM,1300680,Boa Vista do Ramos,"2.589,41","2.589,41",100,"-2,97","-57,59",sim,,,,
Norte,13,Amazonas,AM,1300706,Boca do Acre,"21.938,58","21.938,58",100,"-8,75","-67,40",sim,,,,
Norte,13,Amazonas,AM,1300805,Borba,"44.236,18","44.236,18",100,"-4,39","-59,59",sim,,,,
Norte,13,Amazonas,AM,1300839,Caapiranga,"9.455,54","9.455,54",100,"-3,33","-61,21",sim,,,,
Norte,13,Amazonas,AM,1300904,Canutama,"33.642,73","33.642,73",100,"-6,54","-64,39",sim,,,,
Norte,13,Amazonas,AM,1301001,Carauari,"25.778,66","25.778,66",100,"-4,88","-66,90",sim,,,,
Norte,13,Amazonas,AM,1301100,Careiro,"6.096,21","6.096,21",100,"-3,82","-60,36",sim,,,,
Norte,13,Amazonas,AM,1301159,Careiro da Várzea,"2.627,47","2.627,47",100,"-3,20","-59,83",sim,,,,
Norte,13,Amazonas,AM,1301209,Coari,"57.970,77","57.970,77",100,"-4,09","-63,14",sim,,,,
Norte,13,Amazonas,AM,1301308,Codajás,"18.700,71","18.700,71",100,"-3,84","-62,06",sim,,,,
Norte,13,Amazonas,AM,1301407,Eirunepé,"14.966,24","14.966,24",100,"-6,67","-69,87",sim,,,,
Norte,13,Amazonas,AM,1301506,Envira,"7.505,79","7.505,79",100,"-7,44","-70,03",sim,,,,
Norte,13,Amazonas,AM,1301605,Fonte Boa,"12.155,43","12.155,43",100,"-2,51","-66,10",sim,,,,
Norte,13,Amazonas,AM,1301654,Guajará,"7.583,53","7.583,53",100,"-7,54","-72,58",sim,,,,
Norte,13,Amazonas,AM,1301704,Humaitá,"33.111,14","33.111,14",100,"-7,51","-63,02",sim,,,,
Norte,13,Amazonas,AM,1301803,Ipixuna,"12.109,78","12.109,78",100,"-7,05","-71,69",sim,,,,
Norte,13,Amazonas,AM,1301852,Iranduba,"2.216,82","2.216,82",100,"-3,28","-60,19",sim,,,,
Norte,13,Amazonas,AM,1301902,Itacoatiara,"8.891,91","8.891,91",100,"-3,15","-58,45",sim,,,,
Norte,13,Amazonas,AM,1301951,Itamarati,"25.260,43","25.260,43",100,"-6,44","-68,24",sim,,,,
Norte,13,Amazonas,AM,1302009,Itapiranga,"4.335,08","4.335,07",100,"-2,75","-58,02",sim,,,,
Norte,13,Amazonas,AM,1302108,Japurá,"55.827,20","55.827,20",100,"-1,88","-67,00",sim,,,,
Norte,13,Amazonas,AM,1302207,Juruá,"19.442,55","19.442,55",100,"-3,47","-66,07",sim,,,,
Norte,13,Amazonas,AM,1302306,Jutaí,"69.457,42","69.457,42",100,"-2,74","-66,77",sim,,,,
Norte,13,Amazonas,AM,1302405,Lábrea,"68.262,68","68.262,68",100,"-7,26","-64,80",sim,,,,
Norte,13,Amazonas,AM,1302504,Manacapuru,"7.336,58","7.336,58",100,"-3,30","-60,62",sim,,,,
Norte,13,Amazonas,AM,1302553,Manaquiri,"3.973,26","3.973,26",100,"-3,43","-60,46",sim,,,,
Norte,13,Amazonas,AM,1302603,Manaus,"11.401,09","11.401,09",100,"-3,14","-60,03",sim,,,,
Norte,13,Amazonas,AM,1302702,Manicoré,"48.315,02","48.315,02",100,"-5,81","-61,30",sim,,,,
Norte,13,Amazonas,AM,1302801,Maraã,"16.830,83","16.830,83",100,"-1,86","-65,59",sim,,,,
Norte,13,Amazonas,AM,1302900,Maués,"39.991,07","39.991,07",100,"-3,40","-57,72",sim,,,,
Norte,13,Amazonas,AM,1303007,Nhamundá,"14.107,04","14.107,04",100,"-2,19","-56,78",sim,,,,
Norte,13,Amazonas,AM,1303106,Nova Olinda do Norte,"5.578,13","5.578,13",100,"-3,88","-59,09",sim,,,,
Norte,13,Amazonas,AM,1303205,Novo Airão,"37.776,77","37.776,77",100,"-2,62","-60,94",sim,,,,
Norte,13,Amazonas,AM,1303304,Novo Aripuanã,"41.179,66","41.179,66",100,"-5,12","-60,38",sim,,,,
Norte,13,Amazonas,AM,1303403,Parintins,"5.956,05","5.956,05",100,"-2,62","-56,73",sim,,,,
Norte,13,Amazonas,AM,1303502,Pauini,"41.624,66","41.624,66",100,"-7,72","-67,00",sim,,,,
Norte,13,Amazonas,AM,1303536,Presidente Figueiredo,"25.459,10","25.459,10",100,"-2,05","-60,03",sim,,,,
Norte,13,Amazonas,AM,1303569,Rio Preto da Eva,"5.815,62","5.815,62",100,"-2,70","-59,70",sim,,,,
Norte,13,Amazonas,AM,1303601,Santa Isabel do Rio Negro,"62.800,08","62.800,08",100,"-0,42","-65,02",sim,,,,
Norte,13,Amazonas,AM,1303700,Santo Antônio do Içá,"12.366,14","12.366,14",100,"-3,10","-67,95",sim,,,,
Norte,13,Amazonas,AM,1303809,São Gabriel da Cachoeira,"109.181,25","109.181,24",100,"-0,14","-67,09",sim,,,,
Norte,13,Amazonas,AM,1303908,São Paulo de Olivença,"19.658,50","19.658,50",100,"-3,46","-68,95",sim,,,,
Norte,13,Amazonas,AM,1303957,São Sebastião do Uatumã,"10.647,46","10.647,46",100,"-2,57","-57,87",sim,,,,
Norte,13,Amazonas,AM,1304005,Silves,"3.723,38","3.723,38",100,"-2,84","-58,21",sim,,,,
Norte,13,Amazonas,AM,1304062,Tabatinga,"3.266,06","3.266,06",100,"-4,23","-69,94",sim,,,,
Norte,13,Amazonas,AM,1304104,Tapauá,"84.946,04","84.946,04",100,"-5,62","-63,19",sim,,,,
Norte,13,Amazonas,AM,1304203,Tefé,"23.692,22","23.692,22",100,"-3,35","-64,71",sim,,,,
Norte,13,Amazonas,AM,1304237,Tonantins,"6.446,89","6.446,89",100,"-2,86","-67,77",sim,,,,
Norte,13,Amazonas,AM,1304260,Uarini,"10.274,68","10.274,68",100,"-2,99","-65,16",sim,,,,
Norte,13,Amazonas,AM,1304302,Urucará,"27.901,96","27.901,96",100,"-2,54","-57,76",sim,,,,
Norte,13,Amazonas,AM,1304401,Urucurituba,"2.886,49","2.886,49",100,"-3,13","-58,16",sim,,,,
Norte,14,Roraima,RR,1400027,Amajari,"28.473,45","28.473,45",100,"3,66","-61,42",sim,,,,
Norte,14,Roraima,RR,1400050,Alto Alegre,"25.454,30","25.454,30",100,"2,99","-61,31",sim,,,,
Norte,14,Roraima,RR,1400100,Boa Vista,"5.687,04","5.687,04",100,"2,82","-60,67",sim,,,,
Norte,14,Roraima,RR,1400159,Bonfim,"8.079,91","8.079,91",100,"3,36","-59,83",sim,,,,
Norte,14,Roraima,RR,1400175,Cantá,"7.664,83","7.664,83",100,"2,61","-60,60",sim,,,,
Norte,14,Roraima,RR,1400209,Caracaraí,"47.379,90","47.379,90",100,"1,83","-61,13",sim,,,,
Norte,14,Roraima,RR,1400233,Caroebe,"12.065,90","12.065,90",100,"0,88","-59,70",sim,,,,
Norte,14,Roraima,RR,1400282,Iracema,"14.011,70","14.011,70",100,"2,16","-61,06",sim,,,,
Norte,14,Roraima,RR,1400308,Mucajaí,"12.337,85","12.337,85",100,"2,44","-60,92",sim,,,,
Norte,14,Roraima,RR,1400407,Normandia,"6.959,87","6.959,87",100,"3,88","-59,63",sim,,,,
Norte,14,Roraima,RR,1400456,Pacaraima,"8.025,05","8.025,04",100,"4,48","-61,14",sim,,,,
Norte,14,Roraima,RR,1400472,Rorainópolis,"33.579,74","33.579,74",100,"0,95","-60,42",sim,,,,
Norte,14,Roraima,RR,1400506,São João da Baliza,"4.284,51","4.284,51",100,"0,95","-59,91",sim,,,,
Norte,14,Roraima,RR,1400605,São Luiz,"1.526,90","1.526,90",100,"1,02","-60,04",sim,,,,
Norte,14,Roraima,RR,1400704,Uiramutã,"8.113,60","8.113,60",100,"4,60","-60,16",sim,,,,
Norte,15,Pará,PA,1500107,Abaetetuba,"1.610,65","1.610,65",100,"-1,73","-48,89",sim,,,,
Norte,15,Pará,PA,1500131,Abel Figueiredo,"614,13","614,13",100,"-4,95","-48,40",sim,,,,
Norte,15,Pará,PA,1500206,Acará,"4.344,38","4.344,38",100,"-1,96","-48,20",sim,,,,
Norte,15,Pará,PA,1500305,Afuá,"8.338,44","8.338,44",100,"-0,16","-50,39",sim,,,,
Norte,15,Pará,PA,1500347,Água Azul do Norte,"7.113,96","7.113,95",100,"-6,80","-50,49",sim,,,,
Norte,15,Pará,PA,1500404,Alenquer,"23.645,45","23.645,45",100,"-1,95","-54,74",sim,,,,
Norte,15,Pará,PA,1500503,Almeirim,"72.954,80","72.954,80",100,"-1,53","-52,58",sim,,,,
Norte,15,Pará,PA,1500602,Altamira,"159.533,31","159.533,31",100,"-3,21","-52,21",sim,,,,
Norte,15,Pará,PA,1500701,Anajás,"6.913,64","6.913,64",100,"-0,99","-49,94",sim,,,,
Norte,15,Pará,PA,1500800,Ananindeua,"190,58","190,58",100,"-1,37","-48,37",sim,,,,
Norte,15,Pará,PA,1500859,Anapu,"11.895,27","11.895,27",100,"-3,47","-51,20",sim,,,,
Norte,15,Pará,PA,1500909,Augusto Corrêa,"1.099,62","1.099,62",100,"-1,02","-46,64",sim,,,,
Norte,15,Pará,PA,1500958,Aurora do Pará,"1.811,84","1.811,84",100,"-2,13","-47,56",sim,,,,
Norte,15,Pará,PA,1501006,Aveiro,"17.074,05","17.074,05",100,"-3,61","-55,33",sim,,,,
Norte,15,Pará,PA,1501105,Bagre,"4.397,32","4.397,32",100,"-1,90","-50,21",sim,,,,
Norte,15,Pará,PA,1501204,Baião,"3.759,83","3.759,83",100,"-2,79","-49,67",sim,,,,
Norte,15,Pará,PA,1501253,Bannach,"2.956,65","2.956,65",100,"-7,35","-50,41",sim,,,,
Norte,15,Pará,PA,1501303,Barcarena,"1.310,34","1.310,34",100,"-1,51","-48,63",sim,,,,
Norte,15,Pará,PA,1501402,Belém,"1.059,47","1.059,47",100,"-1,46","-48,51",sim,,,,
Norte,15,Pará,PA,1501451,Belterra,"4.398,42","4.398,42",100,"-2,65","-54,94",sim,,,,
Norte,15,Pará,PA,1501501,Benevides,"187,83","187,83",100,"-1,36","-48,24",sim,,,,
Norte,15,Pará,PA,1501576,Bom Jesus do Tocantins,"2.816,60","2.816,60",100,"-5,05","-48,60",sim,,,,
Norte,15,Pará,PA,1501600,Bonito,"586,98","586,98",100,"-1,35","-47,31",sim,,,,
Norte,15,Pará,PA,1501709,Bragança,"2.124,73","2.124,73",100,"-1,06","-46,77",sim,,,,
Norte,15,Pará,PA,1501725,Brasil Novo,"6.362,58","6.362,58",100,"-3,30","-52,54",sim,,,,
Norte,15,Pará,PA,1501758,Brejo Grande do Araguaia,"1.288,48","1.288,48",100,"-5,70","-48,40",sim,,,,
Norte,15,Pará,PA,1501782,Breu Branco,"3.941,90","3.941,90",100,"-3,78","-49,57",sim,,,,
Norte,15,Pará,PA,1501808,Breves,"9.566,57","9.566,57",100,"-1,69","-50,48",sim,,,,
Norte,15,Pará,PA,1501907,Bujaru,"994,69","994,69",100,"-1,52","-48,05",sim,,,,
Norte,15,Pará,PA,1501956,Cachoeira do Piriá,"2.419,60","2.419,60",100,"-1,76","-46,55",sim,,,,
Norte,15,Pará,PA,1502004,Cachoeira do Arari,"3.100,26","3.100,26",100,"-1,01","-48,96",sim,,,,
Norte,15,Pará,PA,1502103,Cametá,"3.081,37","3.081,37",100,"-2,24","-49,50",sim,,,,
Norte,15,Pará,PA,1502152,Canaã dos Carajás,"3.146,82","3.146,82",100,"-6,53","-49,85",sim,,,,
Norte,15,Pará,PA,1502202,Capanema,"621,48","621,48",100,"-1,19","-47,18",sim,,,,
Norte,15,Pará,PA,1502301,Capitão Poço,"2.901,03","2.901,03",100,"-1,74","-47,06",sim,,,,
Norte,15,Pará,PA,1502400,Castanhal,"1.029,30","1.029,30",100,"-1,29","-47,93",sim,,,,
Norte,15,Pará,PA,1502509,Chaves,"12.535,00","12.534,99",100,"-0,16","-49,98",sim,,,,
Norte,15,Pará,PA,1502608,Colares,"384,07","384,07",100,"-0,93","-48,29",sim,,,,
Norte,15,Pará,PA,1502707,Conceição do Araguaia,"5.829,48","5.829,48",100,"-8,26","-49,26",sim,,,,
Norte,15,Pará,PA,1502756,Concórdia do Pará,"700,59","700,59",100,"-1,99","-47,94",sim,,,,
Norte,15,Pará,PA,1502764,Cumaru do Norte,"17.085,00","17.085,00",100,"-7,81","-50,77",sim,,,,
Norte,15,Pará,PA,1502772,Curionópolis,"2.369,10","2.369,10",100,"-6,10","-49,61",sim,,,,
Norte,15,Pará,PA,1502806,Curralinho,"3.617,25","3.617,25",100,"-1,81","-49,80",sim,,,,
Norte,15,Pará,PA,1502855,Curuá,"1.431,13","1.431,13",100,"-1,89","-55,12",sim,,,,
Norte,15,Pará,PA,1502905,Curuçá,"676,32","676,32",100,"-0,73","-47,85",sim,,,,
Norte,15,Pará,PA,1502939,Dom Eliseu,"5.268,81","5.268,81",100,"-4,29","-47,55",sim,,,,
Norte,15,Pará,PA,1502954,Eldorado do Carajás,"2.956,69","2.956,69",100,"-6,10","-49,38",sim,,,,
Norte,15,Pará,PA,1503002,Faro,"11.771,67","11.771,67",100,"-2,17","-56,75",sim,,,,
Norte,15,Pará,PA,1503044,Floresta do Araguaia,"3.444,29","3.444,28",100,"-7,56","-49,71",sim,,,,
Norte,15,Pará,PA,1503077,Garrafão do Norte,"1.608,01","1.608,01",100,"-1,93","-47,05",sim,,,,
Norte,15,Pará,PA,1503093,Goianésia do Pará,"7.023,95","7.023,95",100,"-3,84","-49,10",sim,,,,
Norte,15,Pará,PA,1503101,Gurupá,"8.570,29","8.570,29",100,"-1,40","-51,64",sim,,,,
Norte,15,Pará,PA,1503200,Igarapé-Açu,"785,98","785,98",100,"-1,13","-47,62",sim,,,,
Norte,15,Pará,PA,1503309,Igarapé-Miri,"1.996,79","1.996,79",100,"-1,99","-48,96",sim,,,,
Norte,15,Pará,PA,1503408,Inhangapi,"472,61","472,60",100,"-1,43","-47,92",sim,,,,
Norte,15,Pará,PA,1503457,Ipixuna do Pará,"5.215,56","5.215,56",100,"-2,56","-47,50",sim,,,,
Norte,15,Pará,PA,1503507,Irituia,"1.385,21","1.385,21",100,"-1,77","-47,44",sim,,,,
Norte,15,Pará,PA,1503606,Itaituba,"62.042,47","62.042,47",100,"-4,27","-55,98",sim,,,,
Norte,15,Pará,PA,1503705,Itupiranga,"7.880,11","7.880,11",100,"-5,13","-49,33",sim,,,,
Norte,15,Pará,PA,1503754,Jacareacanga,"53.304,56","53.304,56",100,"-6,22","-57,76",sim,,,,
Norte,15,Pará,PA,1503804,Jacundá,"2.008,32","2.008,31",100,"-4,45","-49,11",sim,,,,
Norte,15,Pará,PA,1503903,Juruti,"8.305,45","8.305,45",100,"-2,15","-56,09",sim,,,,
Norte,15,Pará,PA,1504000,Limoeiro do Ajuru,"1.490,19","1.490,19",100,"-1,89","-49,38",sim,,,,
Norte,15,Pará,PA,1504059,Mãe do Rio,"469,34","469,34",100,"-2,05","-47,55",sim,,,,
Norte,15,Pará,PA,1504109,Magalhães Barata,"323,98","323,98",100,"-0,79","-47,60",sim,,,,
Norte,15,Pará,PA,1504208,Marabá,"15.128,06","15.128,06",100,"-5,35","-49,14",sim,,,,
Norte,15,Pará,PA,1504307,Maracanã,"807,63","807,63",100,"-0,76","-47,45",sim,,,,
Norte,15,Pará,PA,1504406,Marapanim,"804,63","804,62",100,"-0,72","-47,70",sim,,,,
Norte,15,Pará,PA,1504422,Marituba,"103,21","103,21",100,"-1,37","-48,34",sim,,,,
Norte,15,Pará,PA,1504455,Medicilândia,"8.272,63","8.272,63",100,"-3,44","-52,89",sim,,,,
Norte,15,Pará,PA,1504505,Melgaço,"6.774,07","6.774,07",100,"-1,80","-50,72",sim,,,,
Norte,15,Pará,PA,1504604,Mocajuba,"871,17","871,17",100,"-2,58","-49,51",sim,,,,
Norte,15,Pará,PA,1504703,Moju,"9.094,14","9.094,14",100,"-1,88","-48,77",sim,,,,
Norte,15,Pará,PA,1504752,Mojuí dos Campos,"4.988,24","4.988,24",100,"-2,68","-54,64",sim,,,,
Norte,15,Pará,PA,1504802,Monte Alegre,"18.152,56","18.152,56",100,"-2,01","-54,07",sim,,,,
Norte,15,Pará,PA,1504901,Muaná,"3.763,34","3.763,34",100,"-1,53","-49,22",sim,,,,
Norte,15,Pará,PA,1504950,Nova Esperança do Piriá,"2.808,20","2.808,20",100,"-2,27","-46,97",sim,,,,
Norte,15,Pará,PA,1504976,Nova Ipixuna,"1.564,18","1.564,18",100,"-4,92","-49,07",sim,,,,
Norte,15,Pará,PA,1505007,Nova Timboteua,"489,85","489,85",100,"-1,21","-47,39",sim,,,,
Norte,15,Pará,PA,1505031,Novo Progresso,"38.162,00","38.162,00",100,"-7,04","-55,41",sim,,,,
Norte,15,Pará,PA,1505064,Novo Repartimento,"15.398,72","15.398,72",100,"-4,25","-49,95",sim,,,,
Norte,15,Pará,PA,1505106,Óbidos,"28.011,04","28.011,04",100,"-1,92","-55,52",sim,,,,
Norte,15,Pará,PA,1505205,Oeiras do Pará,"3.852,29","3.852,29",100,"-2,00","-49,86",sim,,,,
Norte,15,Pará,PA,1505304,Oriximiná,"107.613,84","107.613,84",100,"-1,77","-55,87",sim,,,,
Norte,15,Pará,PA,1505403,Ourém,"561,71","561,71",100,"-1,55","-47,11",sim,,,,
Norte,15,Pará,PA,1505437,Ourilândia do Norte,"14.410,57","14.410,57",100,"-6,75","-51,08",sim,,,,
Norte,15,Pará,PA,1505486,Pacajá,"11.832,32","11.832,32",100,"-3,84","-50,64",sim,,,,
Norte,15,Pará,PA,1505494,Palestina do Pará,"984,36","984,36",100,"-5,74","-48,32",sim,,,,
Norte,15,Pará,PA,1505502,Paragominas,"19.342,57","19.342,56",100,"-3,00","-47,35",sim,,,,
Norte,15,Pará,PA,1505536,Parauapebas,"6.885,79","6.885,79",100,"-6,07","-49,91",sim,,,,
Norte,15,Pará,PA,1505551,Pau D'Arco,"1.671,42","1.671,42",100,"-7,83","-50,04",sim,,,,
Norte,15,Pará,PA,1505601,Peixe-Boi,"450,22","450,22",100,"-1,19","-47,31",sim,,,,
Norte,15,Pará,PA,1505635,Piçarra,"3.312,71","3.312,71",100,"-6,45","-48,87",sim,,,,
Norte,15,Pará,PA,1505650,Placas,"7.173,19","7.173,19",100,"-3,87","-54,22",sim,,,,
Norte,15,Pará,PA,1505700,Ponta de Pedras,"3.363,75","3.363,75",100,"-1,39","-48,87",sim,,,,
Norte,15,Pará,PA,1505809,Portel,"25.384,96","25.384,96",100,"-1,94","-50,81",sim,,,,
Norte,15,Pará,PA,1505908,Porto de Moz,"17.423,02","17.423,02",100,"-1,75","-52,24",sim,,,,
Norte,15,Pará,PA,1506005,Prainha,"14.786,95","14.786,95",100,"-1,81","-53,48",sim,,,,
Norte,15,Pará,PA,1506104,Primavera,"258,60","258,60",100,"-0,94","-47,12",sim,,,,
Norte,15,Pará,PA,1506112,Quatipuru,"302,94","302,94",100,"-0,90","-47,00",sim,,,,
Norte,15,Pará,PA,1506138,Redenção,"3.823,81","3.823,81",100,"-8,04","-50,04",sim,,,,
Norte,15,Pará,PA,1506161,Rio Maria,"4.114,63","4.114,63",100,"-7,31","-50,04",sim,,,,
Norte,15,Pará,PA,1506187,Rondon do Pará,"8.246,39","8.246,39",100,"-4,77","-48,07",sim,,,,
Norte,15,Pará,PA,1506195,Rurópolis,"7.021,32","7.021,32",100,"-4,10","-54,91",sim,,,,
Norte,15,Pará,PA,1506203,Salinópolis,"226,12","226,12",100,"-0,61","-47,36",sim,,,,
Norte,15,Pará,PA,1506302,Salvaterra,"918,56","918,56",100,"-0,75","-48,51",sim,,,,
Norte,15,Pará,PA,1506351,Santa Bárbara do Pará,"278,15","278,15",100,"-1,22","-48,30",sim,,,,
Norte,15,Pará,PA,1506401,Santa Cruz do Arari,"1.076,65","1.076,65",100,"-0,66","-49,17",sim,,,,
Norte,15,Pará,PA,1506500,Santa Izabel do Pará,"717,66","717,66",100,"-1,30","-48,16",sim,,,,
Norte,15,Pará,PA,1506559,Santa Luzia do Pará,"1.346,50","1.346,50",100,"-1,52","-46,90",sim,,,,
Norte,15,Pará,PA,1506583,Santa Maria das Barreiras,"10.330,21","10.330,21",100,"-8,87","-49,71",sim,,,,
Norte,15,Pará,PA,1506609,Santa Maria do Pará,"457,72","457,72",100,"-1,35","-47,58",sim,,,,
Norte,15,Pará,PA,1506708,Santana do Araguaia,"11.591,44","11.591,44",100,"-9,33","-50,34",sim,,,,
Norte,15,Pará,PA,1506807,Santarém,"17.898,39","17.898,39",100,"-2,42","-54,71",sim,,,,
Norte,15,Pará,PA,1506906,Santarém Novo,"229,51","229,51",100,"-0,93","-47,40",sim,,,,
Norte,15,Pará,PA,1507003,Santo Antônio do Tauá,"537,62","537,62",100,"-1,15","-48,13",sim,,,,
Norte,15,Pará,PA,1507102,São Caetano de Odivelas,"464,17","464,17",100,"-0,75","-48,02",sim,,,,
Norte,15,Pará,PA,1507151,São Domingos do Araguaia,"1.392,46","1.392,46",100,"-5,55","-48,73",sim,,,,
Norte,15,Pará,PA,1507201,São Domingos do Capim,"1.686,77","1.686,76",100,"-1,67","-47,78",sim,,,,
Norte,15,Pará,PA,1507300,São Félix do Xingu,"84.212,90","84.212,90",100,"-6,64","-51,99",sim,,,,
Norte,15,Pará,PA,1507409,São Francisco do Pará,"479,44","479,44",100,"-1,17","-47,80",sim,,,,
Norte,15,Pará,PA,1507458,São Geraldo do Araguaia,"3.168,38","3.168,38",100,"-6,40","-48,57",sim,,,,
Norte,15,Pará,PA,1507466,São João da Ponta,"195,92","195,92",100,"-0,85","-47,92",sim,,,,
Norte,15,Pará,PA,1507474,São João de Pirabas,"668,43","668,43",100,"-0,77","-47,17",sim,,,,
Norte,15,Pará,PA,1507508,São João do Araguaia,"1.279,89","1.279,89",100,"-5,36","-48,79",sim,,,,
Norte,15,Pará,PA,1507607,São Miguel do Guamá,"1.094,56","1.094,56",100,"-1,63","-47,48",sim,,,,
Norte,15,Pará,PA,1507706,São Sebastião da Boa Vista,"1.632,25","1.632,25",100,"-1,72","-49,53",sim,,,,
Norte,15,Pará,PA,1507755,Sapucaia,"1.298,19","1.298,19",100,"-6,94","-49,70",sim,,,,
Norte,15,Pará,PA,1507805,Senador José Porfírio,"14.419,92","14.419,92",100,"-2,59","-51,96",sim,,,,
Norte,15,Pará,PA,1507904,Soure,"2.857,35","2.857,35",100,"-0,73","-48,52",sim,,,,
Norte,15,Pará,PA,1507953,Tailândia,"4.430,48","4.430,48",100,"-2,95","-48,95",sim,,,,
Norte,15,Pará,PA,1507961,Terra Alta,"204,97","204,97",100,"-1,04","-47,91",sim,,,,
Norte,15,Pará,PA,1507979,Terra Santa,"1.895,88","1.895,88",100,"-2,11","-56,49",sim,,,,
Norte,15,Pará,PA,1508001,Tomé-Açu,"5.145,36","5.145,36",100,"-2,42","-48,15",sim,,,,
Norte,15,Pará,PA,1508035,Tracuateua,"868,03","868,02",100,"-1,08","-46,90",sim,,,,
Norte,15,Pará,PA,1508050,Trairão,"11.991,09","11.991,09",100,"-4,70","-56,00",sim,,,,
Norte,15,Pará,PA,1508084,Tucumã,"2.512,59","2.512,59",100,"-6,75","-51,15",sim,,,,
Norte,15,Pará,PA,1508100,Tucuruí,"2.084,29","2.084,29",100,"-3,77","-49,67",sim,,,,
Norte,15,Pará,PA,1508126,Ulianópolis,"5.088,47","5.088,47",100,"-3,76","-47,50",sim,,,,
Norte,15,Pará,PA,1508159,Uruará,"10.791,41","10.791,41",100,"-3,72","-53,74",sim,,,,
Norte,15,Pará,PA,1508209,Vigia,"401,59","401,59",100,"-0,85","-48,14",sim,,,,
Norte,15,Pará,PA,1508308,Viseu,"4.972,90","4.972,90",100,"-1,21","-46,14",sim,,,,
Norte,15,Pará,PA,1508357,Vitória do Xingu,"3.089,54","3.089,54",100,"-2,88","-52,01",sim,,,,
Norte,15,Pará,PA,1508407,Xinguara,"3.779,35","3.779,35",100,"-7,11","-49,94",sim,,,,
Norte,16,Amapá,AP,1600055,Serra do Navio,"7.713,05","7.713,05",100,"0,90","-52,00",sim,,,,
Norte,16,Amapá,AP,1600105,Amapá,"8.454,85","8.454,85",100,"2,05","-50,79",sim,,,,
Norte,16,Amapá,AP,1600154,Pedra Branca do Amapari,"9.622,29","9.622,29",100,"0,78","-51,95",sim,,,,
Norte,16,Amapá,AP,1600204,Calçoene,"14.117,30","14.117,30",100,"2,49","-50,95",sim,,,,
Norte,16,Amapá,AP,1600212,Cutias,"2.179,11","2.179,11",100,"0,97","-50,80",sim,,,,
Norte,16,Amapá,AP,1600238,Ferreira Gomes,"4.973,86","4.973,86",100,"0,86","-51,18",sim,,,,
Norte,16,Amapá,AP,1600253,Itaubal,"1.622,87","1.622,87",100,"0,60","-50,70",sim,,,,
Norte,16,Amapá,AP,1600279,Laranjal do Jari,"30.783,00","30.783,00",100,"-0,84","-52,52",sim,,,,
Norte,16,Amapá,AP,1600303,Macapá,"6.563,85","6.563,85",100,"0,04","-51,05",sim,,,,
Norte,16,Amapá,AP,1600402,Mazagão,"13.294,78","13.294,78",100,"-0,12","-51,29",sim,,,,
Norte,16,Amapá,AP,1600501,Oiapoque,"23.034,39","23.034,39",100,"3,85","-51,84",sim,,,,
Norte,16,Amapá,AP,1600535,Porto Grande,"4.428,01","4.428,01",100,"0,71","-51,41",sim,,,,
Norte,16,Amapá,AP,1600550,Pracuúba,"4.948,51","4.948,51",100,"1,74","-50,79",sim,,,,
Norte,16,Amapá,AP,1600600,Santana,"1.541,22","1.541,22",100,"-0,04","-51,17",sim,,,,
Norte,16,Amapá,AP,1600709,Tartarugalzinho,"6.684,71","6.684,71",100,"1,51","-50,91",sim,,,,
Norte,16,Amapá,AP,1600808,Vitória do Jari,"2.508,98","2.508,98",100,"-0,93","-52,43",sim,,,,
Norte,17,Tocantins,TO,1700251,Abreulândia,"1.906,30","1.906,30",100,"-9,62","-49,15",sim,,,,
Norte,17,Tocantins,TO,1700301,Aguiarnópolis,"236,79","236,79",100,"-6,56","-47,48",sim,,,,
Norte,17,Tocantins,TO,1700350,Aliança do Tocantins,"1.581,00","1.581,00",100,"-11,31","-48,94",sim,,,,
Norte,17,Tocantins,TO,1700400,Almas,"4.007,15","4.007,15",100,"-11,57","-47,17",sim,,,,
Norte,17,Tocantins,TO,1700707,Alvorada,"1.207,20","1.207,20",100,"-12,48","-49,13",sim,,,,
Norte,17,Tocantins,TO,1701002,Ananás,"1.581,06","1.581,06",100,"-6,37","-48,07",sim,,,,
Norte,17,Tocantins,TO,1701051,Angico,"447,55","447,55",100,"-6,39","-47,86",sim,,,,
Norte,17,Tocantins,TO,1701101,Aparecida do Rio Negro,"1.159,03","1.159,03",100,"-9,95","-47,97",sim,,,,
Norte,17,Tocantins,TO,1701309,Aragominas,"1.168,21","1.168,21",100,"-7,17","-48,53",sim,,,,
Norte,17,Tocantins,TO,1701903,Araguacema,"2.774,51","2.774,50",100,"-8,81","-49,56",sim,,,,
Norte,17,Tocantins,TO,1702000,Araguaçu,"5.155,22","5.155,22",100,"-12,93","-49,83",sim,,,,
Norte,17,Tocantins,TO,1702109,Araguaína,"4.004,65","4.004,65",100,"-7,19","-48,21",sim,,,,
Norte,17,Tocantins,TO,1702158,Araguanã,"834,83","834,83",100,"-6,57","-48,64",sim,,,,
Norte,17,Tocantins,TO,1702208,Araguatins,"2.633,28","2.633,28",100,"-5,65","-48,12",sim,,,,
Norte,17,Tocantins,TO,1702307,Arapoema,"1.558,14","1.558,14",100,"-7,66","-49,06",sim,,,,
Norte,17,Tocantins,TO,1702406,Arraias,"5.803,09","5.803,09",100,"-12,93","-46,94",sim,,,,
Norte,17,Tocantins,TO,1702554,Augustinópolis,"388,81","388,81",100,"-5,47","-47,88",sim,,,,
Norte,17,Tocantins,TO,1702703,Aurora do Tocantins,"696,19","696,19",100,"-12,71","-46,41",sim,,,,
Norte,17,Tocantins,TO,1702901,Axixá do Tocantins,"153,54","153,54",100,"-5,62","-47,77",sim,,,,
Norte,17,Tocantins,TO,1703008,Babaçulândia,"1.790,30","1.790,30",100,"-7,20","-47,76",sim,,,,
Norte,17,Tocantins,TO,1703057,Bandeirantes do Tocantins,"1.540,54","1.540,54",100,"-7,76","-48,58",sim,,,,
Norte,17,Tocantins,TO,1703073,Barra do Ouro,"1.105,84","1.105,84",100,"-7,71","-47,67",sim,,,,
Norte,17,Tocantins,TO,1703107,Barrolândia,"697,76","697,76",100,"-9,83","-48,72",sim,,,,
Norte,17,Tocantins,TO,1703206,Bernardo Sayão,"924,05","924,04",100,"-7,88","-48,89",sim,,,,
Norte,17,Tocantins,TO,1703305,Bom Jesus do Tocantins,"1.326,95","1.326,95",100,"-8,97","-48,16",sim,,,,
Norte,17,Tocantins,TO,1703602,Brasilândia do Tocantins,"645,91","645,91",100,"-8,39","-48,48",sim,,,,
Norte,17,Tocantins,TO,1703701,Brejinho de Nazaré,"1.722,59","1.722,59",100,"-11,01","-48,56",sim,,,,
Norte,17,Tocantins,TO,1703800,Buriti do Tocantins,"252,73","252,73",100,"-5,32","-48,23",sim,,,,
Norte,17,Tocantins,TO,1703826,Cachoeirinha,"351,54","351,54",100,"-6,11","-47,92",sim,,,,
Norte,17,Tocantins,TO,1703842,Campos Lindos,"3.234,45","3.234,44",100,"-7,97","-46,81",sim,,,,
Norte,17,Tocantins,TO,1703867,Cariri do Tocantins,"1.126,29","1.126,29",100,"-11,89","-49,16",sim,,,,
Norte,17,Tocantins,TO,1703883,Carmolândia,"339,37","339,37",100,"-7,03","-48,40",sim,,,,
Norte,17,Tocantins,TO,1703891,Carrasco Bonito,"190,35","190,35",100,"-5,32","-48,04",sim,,,,
Norte,17,Tocantins,TO,1703909,Caseara,"1.680,01","1.680,01",100,"-9,27","-49,96",sim,,,,
Norte,17,Tocantins,TO,1704105,Centenário,"1.953,13","1.953,13",100,"-8,96","-47,33",sim,,,,
Norte,17,Tocantins,TO,1704600,Chapada de Areia,"658,56","658,56",100,"-10,14","-49,18",sim,,,,
Norte,17,Tocantins,TO,1705102,Chapada da Natividade,"1.640,83","1.640,83",100,"-11,62","-47,75",sim,,,,
Norte,17,Tocantins,TO,1705508,Colinas do Tocantins,"842,49","842,49",100,"-8,06","-48,48",sim,,,,
Norte,17,Tocantins,TO,1705557,Combinado,"208,79","208,79",100,"-12,82","-46,55",sim,,,,
Norte,17,Tocantins,TO,1705607,Conceição do Tocantins,"2.530,65","2.530,65",100,"-12,22","-47,30",sim,,,,
Norte,17,Tocantins,TO,1706001,Couto Magalhães,"1.584,20","1.584,20",100,"-8,36","-49,18",sim,,,,
Norte,17,Tocantins,TO,1706100,Cristalândia,"1.850,75","1.850,75",100,"-10,60","-49,19",sim,,,,
Norte,17,Tocantins,TO,1706258,Crixás do Tocantins,"983,77","983,77",100,"-11,10","-48,92",sim,,,,
Norte,17,Tocantins,TO,1706506,Darcinópolis,"1.641,77","1.641,77",100,"-6,71","-47,75",sim,,,,
Norte,17,Tocantins,TO,1707009,Dianópolis,"3.318,09","3.318,09",100,"-11,63","-46,82",sim,,,,
Norte,17,Tocantins,TO,1707108,Divinópolis do Tocantins,"2.358,28","2.358,28",100,"-9,80","-49,22",sim,,,,
Norte,17,Tocantins,TO,1707207,Dois Irmãos do Tocantins,"3.747,65","3.747,64",100,"-9,26","-49,07",sim,,,,
Norte,17,Tocantins,TO,1707306,Dueré,"3.420,66","3.420,66",100,"-11,34","-49,27",sim,,,,
Norte,17,Tocantins,TO,1707405,Esperantina,"506,18","506,17",100,"-5,37","-48,54",sim,,,,
Norte,17,Tocantins,TO,1707553,Fátima,"380,37","380,37",100,"-10,76","-48,90",sim,,,,
Norte,17,Tocantins,TO,1707652,Figueirópolis,"1.935,71","1.935,71",100,"-12,14","-49,17",sim,,,,
Norte,17,Tocantins,TO,1707702,Filadélfia,"1.991,26","1.991,26",100,"-7,34","-47,49",sim,,,,
Norte,17,Tocantins,TO,1708205,Formoso do Araguaia,"13.431,86","13.431,86",100,"-11,80","-49,53",sim,,,,
Norte,17,Tocantins,TO,1708254,Tabocão,"624,46","624,46",100,"-9,06","-48,53",sim,,,,
Norte,17,Tocantins,TO,1708304,Goianorte,"1.797,23","1.797,23",100,"-8,77","-48,93",sim,,,,
Norte,17,Tocantins,TO,1709005,Goiatins,"6.414,85","6.414,85",100,"-7,71","-47,32",sim,,,,
Norte,17,Tocantins,TO,1709302,Guaraí,"2.275,56","2.275,56",100,"-8,84","-48,51",sim,,,,
Norte,17,Tocantins,TO,1709500,Gurupi,"1.844,16","1.844,16",100,"-11,73","-49,06",sim,,,,
Norte,17,Tocantins,TO,1709807,Ipueiras,"821,15","821,15",100,"-11,24","-48,44",sim,,,,
Norte,17,Tocantins,TO,1710508,Itacajá,"3.047,20","3.047,20",100,"-8,39","-47,77",sim,,,,
Norte,17,Tocantins,TO,1710706,Itaguatins,"730,16","730,16",100,"-5,77","-47,48",sim,,,,
Norte,17,Tocantins,TO,1710904,Itapiratins,"1.246,35","1.246,35",100,"-8,38","-48,11",sim,,,,
Norte,17,Tocantins,TO,1711100,Itaporã do Tocantins,"969,79","969,79",100,"-8,57","-48,69",sim,,,,
Norte,17,Tocantins,TO,1711506,Jaú do Tocantins,"2.167,20","2.167,20",100,"-12,65","-48,59",sim,,,,
Norte,17,Tocantins,TO,1711803,Juarina,"483,45","483,45",100,"-8,12","-49,10",sim,,,,
Norte,17,Tocantins,TO,1711902,Lagoa da Confusão,"10.563,18","10.563,18",100,"-10,79","-49,62",sim,,,,
Norte,17,Tocantins,TO,1711951,Lagoa do Tocantins,"917,63","917,63",100,"-10,30","-47,56",sim,,,,
Norte,17,Tocantins,TO,1712009,Lajeado,"318,29","318,29",100,"-9,75","-48,36",sim,,,,
Norte,17,Tocantins,TO,1712157,Lavandeira,"468,01","468,01",100,"-12,79","-46,51",sim,,,,
Norte,17,Tocantins,TO,1712405,Lizarda,"5.716,64","5.716,64",100,"-9,60","-46,68",sim,,,,
Norte,17,Tocantins,TO,1712454,Luzinópolis,"281,54","281,54",100,"-6,19","-47,86",sim,,,,
Norte,17,Tocantins,TO,1712504,Marianópolis do Tocantins,"2.089,58","2.089,58",100,"-9,80","-49,66",sim,,,,
Norte,17,Tocantins,TO,1712702,Mateiros,"9.589,27","9.589,27",100,"-10,55","-46,42",sim,,,,
Norte,17,Tocantins,TO,1712801,Maurilândia do Tocantins,"736,30","736,30",100,"-5,95","-47,51",sim,,,,
Norte,17,Tocantins,TO,1713205,Miracema do Tocantins,"2.663,75","2.663,74",100,"-9,57","-48,39",sim,,,,
Norte,17,Tocantins,TO,1713304,Miranorte,"1.033,30","1.033,30",100,"-9,52","-48,59",sim,,,,
Norte,17,Tocantins,TO,1713601,Monte do Carmo,"3.601,21","3.601,20",100,"-10,76","-48,11",sim,,,,
Norte,17,Tocantins,TO,1713700,Monte Santo do Tocantins,"1.072,92","1.072,92",100,"-10,01","-48,99",sim,,,,
Norte,17,Tocantins,TO,1713809,Palmeiras do Tocantins,"743,41","743,41",100,"-6,61","-47,55",sim,,,,
Norte,17,Tocantins,TO,1713957,Muricilândia,"1.194,37","1.194,37",100,"-7,14","-48,61",sim,,,,
Norte,17,Tocantins,TO,1714203,Natividade,"3.241,67","3.241,67",100,"-11,71","-47,73",sim,,,,
Norte,17,Tocantins,TO,1714302,Nazaré,"396,00","396,00",100,"-6,37","-47,67",sim,,,,
Norte,17,Tocantins,TO,1714880,Nova Olinda,"1.567,83","1.567,83",100,"-7,63","-48,43",sim,,,,
Norte,17,Tocantins,TO,1715002,Nova Rosalândia,"514,79","514,79",100,"-10,57","-48,91",sim,,,,
Norte,17,Tocantins,TO,1715101,Novo Acordo,"2.678,26","2.678,26",100,"-9,97","-47,68",sim,,,,
Norte,17,Tocantins,TO,1715150,Novo Alegre,"200,41","200,41",100,"-12,92","-46,57",sim,,,,
Norte,17,Tocantins,TO,1715259,Novo Jardim,"1.213,89","1.213,89",100,"-11,82","-46,63",sim,,,,
Norte,17,Tocantins,TO,1715507,Oliveira de Fátima,"209,29","209,29",100,"-10,71","-48,91",sim,,,,
Norte,17,Tocantins,TO,1715705,Palmeirante,"2.638,47","2.638,46",100,"-7,86","-47,93",sim,,,,
Norte,17,Tocantins,TO,1715754,Palmeirópolis,"1.708,98","1.708,98",100,"-13,04","-48,41",sim,,,,
Norte,17,Tocantins,TO,1716109,Paraíso do Tocantins,"1.292,27","1.292,27",100,"-10,18","-48,89",sim,,,,
Norte,17,Tocantins,TO,1716208,Paranã,"11.217,37","11.217,37",100,"-12,61","-47,88",sim,,,,
Norte,17,Tocantins,TO,1716307,Pau D'Arco,"1.375,55","1.375,55",100,"-7,54","-49,37",sim,,,,
Norte,17,Tocantins,TO,1716505,Pedro Afonso,"2.019,56","2.019,56",100,"-8,97","-48,18",sim,,,,
Norte,17,Tocantins,TO,1716604,Peixe,"5.303,61","5.303,61",100,"-12,04","-48,54",sim,,,,
Norte,17,Tocantins,TO,1716653,Pequizeiro,"1.206,12","1.206,12",100,"-8,59","-48,93",sim,,,,
Norte,17,Tocantins,TO,1716703,Colméia,"992,22","992,22",100,"-8,73","-48,76",sim,,,,
Norte,17,Tocantins,TO,1717008,Pindorama do Tocantins,"1.560,55","1.560,55",100,"-11,14","-47,58",sim,,,,
Norte,17,Tocantins,TO,1717206,Piraquê,"1.363,41","1.363,41",100,"-6,77","-48,29",sim,,,,
Norte,17,Tocantins,TO,1717503,Pium,"10.003,55","10.003,55",100,"-10,44","-49,18",sim,,,,
Norte,17,Tocantins,TO,1717800,Ponte Alta do Bom Jesus,"1.718,79","1.718,79",100,"-12,09","-46,48",sim,,,,
Norte,17,Tocantins,TO,1717909,Ponte Alta do Tocantins,"6.542,84","6.542,84",100,"-10,75","-47,54",sim,,,,
Norte,17,Tocantins,TO,1718006,Porto Alegre do Tocantins,"506,72","506,72",100,"-11,61","-47,05",sim,,,,
Norte,17,Tocantins,TO,1718204,Porto Nacional,"4.434,68","4.434,68",100,"-10,71","-48,41",sim,,,,
Norte,17,Tocantins,TO,1718303,Praia Norte,"301,00","301,00",100,"-5,40","-47,81",sim,,,,
Norte,17,Tocantins,TO,1718402,Presidente Kennedy,"771,72","771,72",100,"-8,53","-48,51",sim,,,,
Norte,17,Tocantins,TO,1718451,Pugmil,"401,17","401,17",100,"-10,43","-48,90",sim,,,,
Norte,17,Tocantins,TO,1718501,Recursolândia,"2.215,67","2.215,67",100,"-8,74","-47,24",sim,,,,
Norte,17,Tocantins,TO,1718550,Riachinho,"512,16","512,16",100,"-6,44","-48,14",sim,,,,
Norte,17,Tocantins,TO,1718659,Rio da Conceição,"845,82","845,82",100,"-11,40","-46,88",sim,,,,
Norte,17,Tocantins,TO,1718709,Rio dos Bois,"847,26","847,25",100,"-9,34","-48,54",sim,,,,
Norte,17,Tocantins,TO,1718758,Rio Sono,"6.346,28","6.346,28",100,"-9,35","-47,90",sim,,,,
Norte,17,Tocantins,TO,1718808,Sampaio,"222,44","222,44",100,"-5,35","-47,88",sim,,,,
Norte,17,Tocantins,TO,1718840,Sandolândia,"3.535,14","3.535,14",100,"-12,54","-49,93",sim,,,,
Norte,17,Tocantins,TO,1718865,Santa Fé do Araguaia,"1.671,24","1.671,24",100,"-7,15","-48,69",sim,,,,
Norte,17,Tocantins,TO,1718881,Santa Maria do Tocantins,"1.412,32","1.412,32",100,"-8,77","-47,75",sim,,,,
Norte,17,Tocantins,TO,1718899,Santa Rita do Tocantins,"3.281,22","3.281,22",100,"-10,86","-48,91",sim,,,,
Norte,17,Tocantins,TO,1718907,Santa Rosa do Tocantins,"1.804,69","1.804,69",100,"-11,44","-48,12",sim,,,,
Norte,17,Tocantins,TO,1719004,Santa Tereza do Tocantins,"539,51","539,51",100,"-10,28","-47,81",sim,,,,
Norte,17,Tocantins,TO,1720002,Santa Terezinha do Tocantins,"274,10","274,10",100,"-6,43","-47,67",sim,,,,
Norte,17,Tocantins,TO,1720101,São Bento do Tocantins,"1.099,58","1.099,58",100,"-6,03","-47,92",sim,,,,
Norte,17,Tocantins,TO,1720150,São Félix do Tocantins,"1.913,11","1.913,11",100,"-10,17","-46,66",sim,,,,
Norte,17,Tocantins,TO,1720200,São Miguel do Tocantins,"406,96","406,96",100,"-5,55","-47,58",sim,,,,
Norte,17,Tocantins,TO,1720259,São Salvador do Tocantins,"1.424,75","1.424,75",100,"-12,75","-48,24",sim,,,,
Norte,17,Tocantins,TO,1720309,São Sebastião do Tocantins,"289,60","289,60",100,"-5,26","-48,20",sim,,,,
Norte,17,Tocantins,TO,1720499,São Valério,"2.520,47","2.520,47",100,"-11,97","-48,23",sim,,,,
Norte,17,Tocantins,TO,1720655,Silvanópolis,"1.258,77","1.258,77",100,"-11,15","-48,17",sim,,,,
Norte,17,Tocantins,TO,1720804,Sítio Novo do Tocantins,"307,10","307,09",100,"-5,60","-47,64",sim,,,,
Norte,17,Tocantins,TO,1720853,Sucupira,"1.018,22","1.018,22",100,"-11,99","-48,91",sim,,,,
Norte,17,Tocantins,TO,1720903,Taguatinga,"2.341,92","2.341,92",100,"-12,40","-46,44",sim,,,,
Norte,17,Tocantins,TO,1720937,Taipas do Tocantins,"1.105,30","1.105,30",100,"-12,19","-46,99",sim,,,,
Norte,17,Tocantins,TO,1720978,Talismã,"2.155,50","2.155,50",100,"-12,80","-49,09",sim,,,,
Norte,17,Tocantins,TO,1721000,Palmas,"2.227,33","2.227,33",100,"-10,18","-48,33",sim,,,,
Norte,17,Tocantins,TO,1721109,Tocantínia,"2.609,78","2.609,78",100,"-9,56","-48,38",sim,,,,
Norte,17,Tocantins,TO,1721208,Tocantinópolis,"1.083,60","1.083,60",100,"-6,33","-47,42",sim,,,,
Norte,17,Tocantins,TO,1721257,Tupirama,"706,88","706,88",100,"-8,98","-48,19",sim,,,,
Norte,17,Tocantins,TO,1721307,Tupiratins,"889,13","889,13",100,"-8,40","-48,13",sim,,,,
Norte,17,Tocantins,TO,1722081,Wanderlândia,"1.365,43","1.365,43",100,"-6,85","-47,96",sim,,,,
Norte,17,Tocantins,TO,1722107,Xambioá,"1.190,49","1.190,49",100,"-6,41","-48,54",sim,,,,
Nordeste,21,Maranhão,MA,2100055,Açailândia,"5.805,16","5.805,16",100,"-4,95","-47,50",sim,,,,
Nordeste,21,Maranhão,MA,2100204,Alcântara,"1.167,96","1.167,96",100,"-2,41","-44,42",sim,,,,
Nordeste,21,Maranhão,MA,2100402,Altamira do Maranhão,"524,37","524,37",100,"-4,17","-45,46",sim,,,,
Nordeste,21,Maranhão,MA,2100436,Alto Alegre do Maranhão,"392,75","392,75",100,"-4,22","-44,45",sim,,,,
Nordeste,21,Maranhão,MA,2100477,Alto Alegre do Pindaré,"1.875,90","1.875,90",100,"-3,67","-45,85",sim,,,,
Nordeste,21,Maranhão,MA,2100501,Alto Parnaíba,"11.127,38","11.127,38",100,"-9,11","-45,93",sim,,,,
Nordeste,21,Maranhão,MA,2100550,Amapá do Maranhão,"502,40","502,40",100,"-1,68","-46,01",sim,,,,
Nordeste,21,Maranhão,MA,2100600,Amarante do Maranhão,"7.439,62","7.439,61",100,"-5,57","-46,75",sim,,,,
Nordeste,21,Maranhão,MA,2100709,Anajatuba,"940,49","940,49",100,"-3,27","-44,62",sim,,,,
Nordeste,21,Maranhão,MA,2100832,Apicum-Açu,"341,12","341,12",100,"-1,52","-45,08",sim,,,,
Nordeste,21,Maranhão,MA,2100873,Araguanã,"805,19","805,19",100,"-2,95","-45,67",sim,,,,
Nordeste,21,Maranhão,MA,2100956,Arame,"2.976,04","2.976,04",100,"-4,88","-46,01",sim,,,,
Nordeste,21,Maranhão,MA,2101004,Arari,"1.100,28","1.100,27",100,"-3,45","-44,78",sim,,,,
Nordeste,21,Maranhão,MA,2101103,Axixá,"160,46","160,46",100,"-2,84","-44,05",sim,,,,
Nordeste,21,Maranhão,MA,2101202,Bacabal,"1.656,74","1.656,74",100,"-4,23","-44,78",sim,,,,
Nordeste,21,Maranhão,MA,2101251,Bacabeira,"542,96","542,96",100,"-2,98","-44,32",sim,,,,
Nordeste,21,Maranhão,MA,2101301,Bacuri,"850,49","850,49",100,"-1,73","-45,14",sim,,,,
Nordeste,21,Maranhão,MA,2101350,Bacurituba,"413,65","413,65",100,"-2,71","-44,74",sim,,,,
Nordeste,21,Maranhão,MA,2101400,Balsas,"13.141,16","13.141,16",100,"-7,53","-46,04",sim,,,,
Nordeste,21,Maranhão,MA,2101608,Barra do Corda,"5.187,67","5.187,67",100,"-5,51","-45,25",sim,,,,
Nordeste,21,Maranhão,MA,2101772,Bela Vista do Maranhão,"147,95","147,95",100,"-3,74","-45,25",sim,,,,
Nordeste,21,Maranhão,MA,2101806,Benedito Leite,"1.784,64","1.784,64",100,"-7,22","-44,56",sim,,,,
Nordeste,21,Maranhão,MA,2101905,Bequimão,"790,22","790,22",100,"-2,45","-44,79",sim,,,,
Nordeste,21,Maranhão,MA,2101939,Bernardo do Mearim,"247,19","247,19",100,"-4,63","-44,76",sim,,,,
Nordeste,21,Maranhão,MA,2101970,Boa Vista do Gurupi,"400,35","400,35",100,"-1,79","-46,31",sim,,,,
Nordeste,21,Maranhão,MA,2102002,Bom Jardim,"6.588,38","6.588,38",100,"-3,54","-45,61",sim,,,,
Nordeste,21,Maranhão,MA,2102036,Bom Jesus das Selvas,"2.676,98","2.676,98",100,"-4,48","-46,85",sim,,,,
Nordeste,21,Maranhão,MA,2102077,Bom Lugar,"445,17","445,17",100,"-4,37","-45,03",sim,,,,
Nordeste,21,Maranhão,MA,2102150,Brejo de Areia,"986,04","986,04",100,"-4,33","-45,58",sim,,,,
Nordeste,21,Maranhão,MA,2102309,Buriti Bravo,"1.582,55","95,69",6,"-5,84","-43,83",não,,,,
Nordeste,21,Maranhão,MA,2102325,Buriticupu,"2.544,86","2.544,86",100,"-4,31","-46,47",sim,,,,
Nordeste,21,Maranhão,MA,2102358,Buritirana,"820,97","820,97",100,"-5,59","-47,02",sim,,,,
Nordeste,21,Maranhão,MA,2102374,Cachoeira Grande,"865,04","112,72","13,03","-2,93","-44,06",sim,,,,
Nordeste,21,Maranhão,MA,2102408,Cajapió,"545,24","545,24",100,"-2,88","-44,67",sim,,,,
Nordeste,21,Maranhão,MA,2102507,Cajari,"662,07","662,07",100,"-3,32","-45,01",sim,,,,
Nordeste,21,Maranhão,MA,2102556,Campestre do Maranhão,"613,53","613,53",100,"-6,17","-47,36",sim,,,,
Nordeste,21,Maranhão,MA,2102606,Cândido Mendes,"1.634,86","1.634,86",100,"-1,46","-45,73",sim,,,,
Nordeste,21,Maranhão,MA,2102705,Cantanhede,"773,01","773,01",100,"-3,63","-44,38",sim,,,,
Nordeste,21,Maranhão,MA,2102754,Capinzal do Norte,"590,27","590,27",100,"-4,73","-44,33",sim,,,,
Nordeste,21,Maranhão,MA,2102804,Carolina,"6.267,68","6.267,67",100,"-7,33","-47,47",sim,,,,
Nordeste,21,Maranhão,MA,2102903,Carutapera,"1.260,98","1.260,98",100,"-1,20","-46,02",sim,,,,
Nordeste,21,Maranhão,MA,2103109,Cedral,"285,21","285,21",100,"-2,00","-44,53",sim,,,,
Nordeste,21,Maranhão,MA,2103125,Central do Maranhão,"319,54","319,54",100,"-2,20","-44,83",sim,,,,
Nordeste,21,Maranhão,MA,2103158,Centro do Guilherme,"1.167,85","1.167,85",100,"-2,45","-46,04",sim,,,,
Nordeste,21,Maranhão,MA,2103174,Centro Novo do Maranhão,"8.401,00","8.401,00",100,"-2,14","-46,12",sim,,,,
Nordeste,21,Maranhão,MA,2103257,Cidelândia,"1.462,81","1.462,81",100,"-5,18","-47,78",sim,,,,
Nordeste,21,Maranhão,MA,2103307,Codó,"4.361,61","1.367,38","31,35","-4,45","-43,89",não,,,,
Nordeste,21,Maranhão,MA,2103505,Colinas,"1.978,70","1.723,43","87,1","-6,03","-44,25",sim,,,,
Nordeste,21,Maranhão,MA,2103554,Conceição do Lago-Açu,"725,66","725,66",100,"-3,84","-44,90",sim,,,,
Nordeste,21,Maranhão,MA,2103604,Coroatá,"2.263,69","2.033,26","89,82","-4,13","-44,13",sim,,,,
Nordeste,21,Maranhão,MA,2103703,Cururupu,"1.257,61","1.257,61",100,"-1,82","-44,88",sim,,,,
Nordeste,21,Maranhão,MA,2103752,Davinópolis,"332,25","332,25",100,"-5,53","-47,39",sim,,,,
Nordeste,21,Maranhão,MA,2103802,Dom Pedro,"358,49","358,49",100,"-5,04","-44,44",sim,,,,
Nordeste,21,Maranhão,MA,2104008,Esperantinópolis,"452,41","452,41",100,"-4,88","-44,88",sim,,,,
Nordeste,21,Maranhão,MA,2104057,Estreito,"2.720,27","2.720,27",100,"-6,56","-47,44",sim,,,,
Nordeste,21,Maranhão,MA,2104073,Feira Nova do Maranhão,"1.625,82","1.625,82",100,"-6,96","-46,68",sim,,,,
Nordeste,21,Maranhão,MA,2104081,Fernando Falcão,"5.086,59","5.086,59",100,"-6,15","-44,90",sim,,,,
Nordeste,21,Maranhão,MA,2104099,Formosa da Serra Negra,"3.690,61","3.690,61",100,"-6,44","-46,19",sim,,,,
Nordeste,21,Maranhão,MA,2104107,Fortaleza dos Nogueiras,"1.853,41","1.853,41",100,"-6,96","-46,18",sim,,,,
Nordeste,21,Maranhão,MA,2104206,Fortuna,"834,83","419,52",50,"-5,74","-44,16",sim,,,,
Nordeste,21,Maranhão,MA,2104305,Godofredo Viana,"720,13","720,13",100,"-1,41","-45,77",sim,,,,
Nordeste,21,Maranhão,MA,2104404,Gonçalves Dias,"883,59","846,10",96,"-5,16","-44,30",sim,,,,
Nordeste,21,Maranhão,MA,2104503,Governador Archer,"445,86","445,86",100,"-5,02","-44,27",sim,,,,
Nordeste,21,Maranhão,MA,2104552,Governador Edison Lobão,"615,96","615,96",100,"-5,75","-47,36",sim,,,,
Nordeste,21,Maranhão,MA,2104602,Governador Eugênio Barros,"647,99","481,28",74,"-5,33","-44,25",sim,,,,
Nordeste,21,Maranhão,MA,2104628,Governador Luiz Rocha,"401,59","379,47",94,"-5,47","-44,07",sim,,,,
Nordeste,21,Maranhão,MA,2104651,Governador Newton Bello,"1.144,15","1.144,15",100,"-3,43","-45,67",sim,,,,
Nordeste,21,Maranhão,MA,2104677,Governador Nunes Freire,"1.037,13","1.037,13",100,"-2,13","-45,89",sim,,,,
Nordeste,21,Maranhão,MA,2104701,Graça Aranha,"271,45","271,44",100,"-5,41","-44,33",sim,,,,
Nordeste,21,Maranhão,MA,2104800,Grajaú,"8.861,72","8.861,72",100,"-5,82","-46,14",sim,,,,
Nordeste,21,Maranhão,MA,2104909,Guimarães,"478,86","478,86",100,"-2,13","-44,60",sim,,,,
Nordeste,21,Maranhão,MA,2105104,Icatu,"1.124,45","114,30",10,"-2,78","-44,07",sim,,,,
Nordeste,21,Maranhão,MA,2105153,Igarapé do Meio,"368,69","368,68",100,"-3,64","-45,19",sim,,,,
Nordeste,21,Maranhão,MA,2105203,Igarapé Grande,"346,22","346,22",100,"-4,66","-44,86",sim,,,,
Nordeste,21,Maranhão,MA,2105302,Imperatriz,"1.369,04","1.369,04",100,"-5,53","-47,49",sim,,,,
Nordeste,21,Maranhão,MA,2105351,Itaipava do Grajaú,"1.244,40","1.244,40",100,"-5,14","-45,79",sim,,,,
Nordeste,21,Maranhão,MA,2105401,Itapecuru Mirim,"1.480,64","1.480,64",100,"-3,39","-44,36",sim,,,,
Nordeste,21,Maranhão,MA,2105427,Itinga do Maranhão,"3.583,42","3.583,42",100,"-4,45","-47,52",sim,,,,
Nordeste,21,Maranhão,MA,2105450,Jatobá,"591,62","591,62",100,"-5,82","-44,23",sim,,,,
Nordeste,21,Maranhão,MA,2105476,Jenipapo dos Vieiras,"1.962,36","1.962,36",100,"-5,36","-45,63",sim,,,,
Nordeste,21,Maranhão,MA,2105500,João Lisboa,"1.137,10","1.137,10",100,"-5,45","-47,40",sim,,,,
Nordeste,21,Maranhão,MA,2105609,Joselândia,"703,08","703,08",100,"-4,98","-44,70",sim,,,,
Nordeste,21,Maranhão,MA,2105658,Junco do Maranhão,"568,50","568,50",100,"-1,88","-46,07",sim,,,,
Nordeste,21,Maranhão,MA,2105708,Lago da Pedra,"1.240,44","1.240,44",100,"-4,57","-45,13",sim,,,,
Nordeste,21,Maranhão,MA,2105807,Lago do Junco,"328,53","328,53",100,"-4,61","-45,05",sim,,,,
Nordeste,21,Maranhão,MA,2105906,Lago Verde,"631,46","631,46",100,"-4,04","-44,94",sim,,,,
Nordeste,21,Maranhão,MA,2105948,Lago dos Rodrigues,"220,78","220,78",100,"-4,61","-44,98",sim,,,,
Nordeste,21,Maranhão,MA,2105963,Lagoa Grande do Maranhão,"744,20","744,20",100,"-4,99","-45,39",sim,,,,
Nordeste,21,Maranhão,MA,2105989,Lajeado Novo,"1.063,62","1.063,62",100,"-6,19","-47,04",sim,,,,
Nordeste,21,Maranhão,MA,2106003,Lima Campos,"321,93","321,93",100,"-4,52","-44,46",sim,,,,
Nordeste,21,Maranhão,MA,2106102,Loreto,"3.597,23","3.597,23",100,"-7,09","-45,14",sim,,,,
Nordeste,21,Maranhão,MA,2106201,Luís Domingues,"472,30","472,30",100,"-1,33","-45,90",sim,,,,
Nordeste,21,Maranhão,MA,2106326,Maracaçumé,"635,76","635,76",100,"-2,04","-45,96",sim,,,,
Nordeste,21,Maranhão,MA,2106359,Marajá do Sena,"1.402,59","1.402,59",100,"-4,62","-45,45",sim,,,,
Nordeste,21,Maranhão,MA,2106375,Maranhãozinho,"760,95","760,95",100,"-2,24","-45,86",sim,,,,
Nordeste,21,Maranhão,MA,2106508,Matinha,"410,63","410,63",100,"-3,10","-45,03",sim,,,,
Nordeste,21,Maranhão,MA,2106631,Matões do Norte,"794,45","794,45",100,"-3,63","-44,55",sim,,,,
Nordeste,21,Maranhão,MA,2106706,Mirador,"8.522,35","8.522,35",100,"-6,37","-44,36",sim,,,,
Nordeste,21,Maranhão,MA,2106755,Miranda do Norte,"341,11","341,11",100,"-3,56","-44,59",sim,,,,
Nordeste,21,Maranhão,MA,2106805,Mirinzal,"686,94","686,94",100,"-2,07","-44,78",sim,,,,
Nordeste,21,Maranhão,MA,2106904,Monção,"1.245,55","1.245,55",100,"-3,49","-45,25",sim,,,,
Nordeste,21,Maranhão,MA,2107001,Montes Altos,"1.488,51","1.488,51",100,"-5,83","-47,07",sim,,,,
Nordeste,21,Maranhão,MA,2107100,Morros,"1.712,12","80,08",5,"-2,87","-44,04",sim,,,,
Nordeste,21,Maranhão,MA,2107258,Nova Colinas,"743,09","743,09",100,"-7,12","-46,26",sim,,,,
Nordeste,21,Maranhão,MA,2107308,Nova Iorque,"978,34","554,15",57,"-6,74","-44,05",sim,,,,
Nordeste,21,Maranhão,MA,2107357,Nova Olinda do Maranhão,"2.452,62","2.452,62",100,"-2,81","-45,70",sim,,,,
Nordeste,21,Maranhão,MA,2107407,Olho d'Água das Cunhãs,"695,33","695,33",100,"-4,14","-45,12",sim,,,,
Nordeste,21,Maranhão,MA,2107456,Olinda Nova do Maranhão,"199,88","199,88",100,"-3,00","-45,00",sim,,,,
Nordeste,21,Maranhão,MA,2107506,Paço do Lumiar,"127,19","127,19",100,"-2,53","-44,11",sim,,,,
Nordeste,21,Maranhão,MA,2107605,Palmeirândia,"532,16","532,16",100,"-2,65","-44,90",sim,,,,
Nordeste,21,Maranhão,MA,2107704,Paraibano,"530,52","70,63",13,"-6,43","-43,98",não,,,,
Nordeste,21,Maranhão,MA,2108009,Pastos Bons,"1.635,18","1.425,27",87,"-6,59","-44,08",sim,,,,
Nordeste,21,Maranhão,MA,2108108,Paulo Ramos,"1.168,61","1.168,61",100,"-4,44","-45,24",sim,,,,
Nordeste,21,Maranhão,MA,2108207,Pedreiras,"262,07","262,07",100,"-4,57","-44,60",sim,,,,
Nordeste,21,Maranhão,MA,2108256,Pedro do Rosário,"1.753,87","1.753,87",100,"-2,97","-45,35",sim,,,,
Nordeste,21,Maranhão,MA,2108306,Penalva,"800,92","800,92",100,"-3,29","-45,17",sim,,,,
Nordeste,21,Maranhão,MA,2108405,Peri Mirim,"397,99","397,99",100,"-2,57","-44,85",sim,,,,
Nordeste,21,Maranhão,MA,2108454,Peritoró,"824,73","824,72",100,"-4,38","-44,34",sim,,,,
Nordeste,21,Maranhão,MA,2108504,Pindaré-Mirim,"268,29","268,29",100,"-3,61","-45,34",sim,,,,
Nordeste,21,Maranhão,MA,2108603,Pinheiro,"1.512,97","1.512,97",100,"-2,52","-45,08",sim,,,,
Nordeste,21,Maranhão,MA,2108702,Pio XII,"545,14","545,14",100,"-3,89","-45,17",sim,,,,
Nordeste,21,Maranhão,MA,2108801,Pirapemas,"688,76","687,93","99,88","-3,73","-44,22",sim,,,,
Nordeste,21,Maranhão,MA,2108900,Poção de Pedras,"990,42","990,41",100,"-4,75","-44,94",sim,,,,
Nordeste,21,Maranhão,MA,2109007,Porto Franco,"1.420,51","1.420,51",100,"-6,34","-47,41",sim,,,,
Nordeste,21,Maranhão,MA,2109056,Porto Rico do Maranhão,"244,98","244,98",100,"-1,86","-44,59",sim,,,,
Nordeste,21,Maranhão,MA,2109106,Presidente Dutra,"771,57","771,57",100,"-5,28","-44,49",sim,,,,
Nordeste,21,Maranhão,MA,2109205,Presidente Juscelino,"355,57","351,53",99,"-2,93","-44,06",sim,,,,
Nordeste,21,Maranhão,MA,2109239,Presidente Médici,"437,69","437,69",100,"-2,38","-45,82",sim,,,,
Nordeste,21,Maranhão,MA,2109270,Presidente Sarney,"726,17","726,17",100,"-2,59","-45,36",sim,,,,
Nordeste,21,Maranhão,MA,2109304,Presidente Vargas,"330,77","146,26",44,"-3,41","-44,03",sim,,,,
Nordeste,21,Maranhão,MA,2109452,Raposa,"79,21","79,21",100,"-2,43","-44,10",sim,,,,
Nordeste,21,Maranhão,MA,2109502,Riachão,"6.402,83","6.402,83",100,"-7,36","-46,62",sim,,,,
Nordeste,21,Maranhão,MA,2109551,Ribamar Fiquene,"733,46","733,46",100,"-5,93","-47,39",sim,,,,
Nordeste,21,Maranhão,MA,2109601,Rosário,"648,00","648,00",100,"-2,94","-44,25",sim,,,,
Nordeste,21,Maranhão,MA,2109700,Sambaíba,"2.476,13","2.476,13",100,"-7,14","-45,35",sim,,,,
Nordeste,21,Maranhão,MA,2109759,Santa Filomena do Maranhão,"623,21","623,21",100,"-5,50","-44,56",sim,,,,
Nordeste,21,Maranhão,MA,2109809,Santa Helena,"2.191,17","2.191,17",100,"-2,23","-45,31",sim,,,,
Nordeste,21,Maranhão,MA,2109908,Santa Inês,"786,69","786,69",100,"-3,67","-45,38",sim,,,,
Nordeste,21,Maranhão,MA,2110005,Santa Luzia,"4.837,17","4.837,17",100,"-3,97","-45,66",sim,,,,
Nordeste,21,Maranhão,MA,2110039,Santa Luzia do Paruá,"1.010,48","1.010,48",100,"-2,54","-45,78",sim,,,,
Nordeste,21,Maranhão,MA,2110203,Santa Rita,"756,80","756,80",100,"-3,14","-44,33",sim,,,,
Nordeste,21,Maranhão,MA,2110302,Santo Antônio dos Lopes,"770,92","770,92",100,"-4,87","-44,36",sim,,,,
Nordeste,21,Maranhão,MA,2110500,São Bento,"457,00","457,00",100,"-2,70","-44,83",sim,,,,
Nordeste,21,Maranhão,MA,2110658,São Domingos do Azeitão,"961,25","961,25",100,"-6,81","-44,64",sim,,,,
Nordeste,21,Maranhão,MA,2110708,São Domingos do Maranhão,"1.151,98","1.151,98",100,"-5,58","-44,38",sim,,,,
Nordeste,21,Maranhão,MA,2110807,São Félix de Balsas,"2.032,60","2.032,60",100,"-7,08","-44,81",sim,,,,
Nordeste,21,Maranhão,MA,2110856,São Francisco do Brejão,"745,36","745,36",100,"-5,13","-47,39",sim,,,,
Nordeste,21,Maranhão,MA,2111003,São João Batista,"649,96","649,96",100,"-2,96","-44,80",sim,,,,
Nordeste,21,Maranhão,MA,2111029,São João do Carú,"910,07","910,07",100,"-3,56","-46,25",sim,,,,
Nordeste,21,Maranhão,MA,2111052,São João do Paraíso,"2.052,33","2.052,33",100,"-6,47","-47,05",sim,,,,
Nordeste,21,Maranhão,MA,2111078,São João do Soter,"1.438,07","1,21","0,084","-5,11","-43,81",não,,,,
Nordeste,21,Maranhão,MA,2111201,São José de Ribamar,"180,36","180,36",100,"-2,56","-44,06",sim,,,,
Nordeste,21,Maranhão,MA,2111250,São José dos Basílios,"353,72","353,72",100,"-5,05","-44,59",sim,,,,
Nordeste,21,Maranhão,MA,2111300,São Luís,"583,06","583,06",100,"-2,53","-44,30",sim,,,,
Nordeste,21,Maranhão,MA,2111409,São Luís Gonzaga do Maranhão,"909,16","909,16",100,"-4,38","-44,67",sim,,,,
Nordeste,21,Maranhão,MA,2111508,São Mateus do Maranhão,"800,05","800,04",100,"-4,04","-44,47",sim,,,,
Nordeste,21,Maranhão,MA,2111532,São Pedro da Água Branca,"720,46","720,46",100,"-5,08","-48,43",sim,,,,
Nordeste,21,Maranhão,MA,2111573,São Pedro dos Crentes,"979,92","979,91",100,"-6,83","-46,53",sim,,,,
Nordeste,21,Maranhão,MA,2111607,São Raimundo das Mangabeiras,"3.524,50","3.524,50",100,"-7,03","-45,48",sim,,,,
Nordeste,21,Maranhão,MA,2111631,São Raimundo do Doca Bezerra,"419,55","419,55",100,"-5,10","-45,09",sim,,,,
Nordeste,21,Maranhão,MA,2111672,São Roberto,"226,81","226,81",100,"-5,02","-44,99",sim,,,,
Nordeste,21,Maranhão,MA,2111706,São Vicente Ferrer,"393,93","393,93",100,"-2,89","-44,88",sim,,,,
Nordeste,21,Maranhão,MA,2111722,Satubinha,"441,81","441,81",100,"-4,03","-45,24",sim,,,,
Nordeste,21,Maranhão,MA,2111748,Senador Alexandre Costa,"426,44","195,99","45,96","-5,26","-44,06",sim,,,,
Nordeste,21,Maranhão,MA,2111763,Senador La Rocque,"738,19","738,19",100,"-5,44","-47,29",sim,,,,
Nordeste,21,Maranhão,MA,2111789,Serrano do Maranhão,"1.165,32","1.165,32",100,"-1,85","-45,11",sim,,,,
Nordeste,21,Maranhão,MA,2111805,Sítio Novo,"3.114,68","3.114,68",100,"-5,88","-46,70",sim,,,,
Nordeste,21,Maranhão,MA,2111904,Sucupira do Norte,"1.074,44","1.074,44",100,"-6,48","-44,19",sim,,,,
Nordeste,21,Maranhão,MA,2112001,Tasso Fragoso,"4.369,16","4.369,16",100,"-8,47","-45,75",sim,,,,
Nordeste,21,Maranhão,MA,2112100,Timbiras,"1.486,58","81,78",6,"-4,26","-43,94",não,,,,
Nordeste,21,Maranhão,MA,2112233,Trizidela do Vale,"291,61","291,61",100,"-4,57","-44,63",sim,,,,
Nordeste,21,Maranhão,MA,2112274,Tufilândia,"270,93","270,93",100,"-3,67","-45,63",sim,,,,
Nordeste,21,Maranhão,MA,2112308,Tuntum,"3.369,12","3.369,12",100,"-5,26","-44,65",sim,,,,
Nordeste,21,Maranhão,MA,2112407,Turiaçu,"2.622,28","2.622,28",100,"-1,67","-45,37",sim,,,,
Nordeste,21,Maranhão,MA,2112456,Turilândia,"1.507,62","1.507,62",100,"-2,23","-45,31",sim,,,,
Nordeste,21,Maranhão,MA,2112704,Vargem Grande,"1.958,70","180,86",9,"-3,54","-43,92",não,,,,
Nordeste,21,Maranhão,MA,2112803,Viana,"1.166,75","1.166,75",100,"-3,22","-45,00",sim,,,,
Nordeste,21,Maranhão,MA,2112852,Vila Nova dos Martírios,"1.190,01","1.190,01",100,"-5,19","-48,14",sim,,,,
Nordeste,21,Maranhão,MA,2112902,Vitória do Mearim,"716,72","716,72",100,"-3,46","-44,87",sim,,,,
Nordeste,21,Maranhão,MA,2113009,Vitorino Freire,"1.193,39","1.193,39",100,"-4,29","-45,25",sim,,,,
Nordeste,21,Maranhão,MA,2114007,Zé Doca,"2.140,11","2.140,11",100,"-3,28","-45,65",sim,,,,
Centro-oeste,51,Mato Grosso,MT,5100102,Acorizal,"850,76","850,76",100,"-15,20","-56,37",sim,,,,
Centro-oeste,51,Mato Grosso,MT,5100201,Água Boa,"7.549,31","7.549,31",100,"-14,06","-52,16",sim,,,,
Centro-oeste,51,Mato Grosso,MT,5100250,Alta Floresta,"8.955,41","8.955,41",100,"-9,88","-56,09",sim,,,,
Centro-oeste,51,Mato Grosso,MT,5100300,Alto Araguaia,"5.402,31","5.402,31",100,"-17,32","-53,22",sim,,,,
Centro-oeste,51,Mato Grosso,MT,5100359,Alto Boa Vista,"2.248,41","2.248,41",100,"-11,68","-51,38",sim,,,,
Centro-oeste,51,Mato Grosso,MT,5100409,Alto Garças,"3.858,15","3.858,15",100,"-16,94","-53,53",sim,,,,
Centro-oeste,51,Mato Grosso,MT,5100508,Alto Paraguai,"1.847,35","1.847,35",100,"-14,51","-56,48",sim,,,,
Centro-oeste,51,Mato Grosso,MT,5100607,Alto Taquari,"1.436,58","1.436,58",100,"-17,83","-53,28",sim,,,,
Centro-oeste,51,Mato Grosso,MT,5100805,Apiacás,"20.489,02","20.489,02",100,"-9,56","-57,39",sim,,,,
Centro-oeste,51,Mato Grosso,MT,5101001,Araguaiana,"6.380,70","6.380,70",100,"-15,73","-51,83",sim,,,,
Centro-oeste,51,Mato Grosso,MT,5101209,Araguainha,"675,23","675,23",100,"-16,86","-53,03",sim,,,,
Centro-oeste,51,Mato Grosso,MT,5101258,Araputanga,"1.639,73","1.639,73",100,"-15,47","-58,35",sim,,,,
Centro-oeste,51,Mato Grosso,MT,5101308,Arenápolis,"417,34","417,34",100,"-14,46","-56,84",sim,,,,
Centro-oeste,51,Mato Grosso,MT,5101407,Aripuanã,"24.678,14","24.678,14",100,"-10,17","-59,45",sim,,,,
Centro-oeste,51,Mato Grosso,MT,5101605,Barão de Melgaço,"11.374,87","11.374,87",100,"-16,19","-55,97",sim,,,,
Centro-oeste,51,Mato Grosso,MT,5101704,Barra do Bugres,"5.976,86","5.976,86",100,"-15,06","-57,18",sim,,,,
Centro-oeste,51,Mato Grosso,MT,5101803,Barra do Garças,"9.117,30","9.117,30",100,"-15,89","-52,26",sim,,,,
Centro-oeste,51,Mato Grosso,MT,5101852,Bom Jesus do Araguaia,"4.266,64","4.266,64",100,"-12,18","-51,50",sim,,,,
Centro-oeste,51,Mato Grosso,MT,5101902,Brasnorte,"15.968,36","15.968,36",100,"-12,12","-58,00",sim,,,,
Centro-oeste,51,Mato Grosso,MT,5102504,Cáceres,"24.538,48","24.538,48",100,"-16,06","-57,69",sim,,,,
Centro-oeste,51,Mato Grosso,MT,5102603,Campinápolis,"5.978,99","5.978,99",100,"-14,54","-52,80",sim,,,,
Centro-oeste,51,Mato Grosso,MT,5102637,Campo Novo do Parecis,"9.428,59","9.428,59",100,"-13,66","-57,89",sim,,,,
Centro-oeste,51,Mato Grosso,MT,5102678,Campo Verde,"4.771,07","4.771,07",100,"-15,55","-55,17",sim,,,,
Centro-oeste,51,Mato Grosso,MT,5102686,Campos de Júlio,"6.792,81","6.792,81",100,"-13,71","-59,26",sim,,,,
Centro-oeste,51,Mato Grosso,MT,5102694,Canabrava do Norte,"3.449,04","3.449,04",100,"-11,05","-51,83",sim,,,,
Centro-oeste,51,Mato Grosso,MT,5102702,Canarana,"10.855,18","10.855,18",100,"-13,56","-52,27",sim,,,,
Centro-oeste,51,Mato Grosso,MT,5102793,Carlinda,"2.421,79","2.421,79",100,"-9,97","-55,83",sim,,,,
Centro-oeste,51,Mato Grosso,MT,5102850,Castanheira,"3.713,47","3.713,47",100,"-11,14","-58,61",sim,,,,
Centro-oeste,51,Mato Grosso,MT,5103007,Chapada dos Guimarães,"6.603,25","6.603,25",100,"-15,46","-55,75",sim,,,,
Centro-oeste,51,Mato Grosso,MT,5103056,Cláudia,"3.843,56","3.843,56",100,"-11,50","-54,87",sim,,,,
Centro-oeste,51,Mato Grosso,MT,5103106,Cocalinho,"16.563,14","16.563,14",100,"-14,39","-51,00",sim,,,,
Centro-oeste,51,Mato Grosso,MT,5103205,Colíder,"3.112,09","3.112,09",100,"-10,81","-55,46",sim,,,,
Centro-oeste,51,Mato Grosso,MT,5103254,Colniza,"27.960,24","27.960,24",100,"-9,46","-59,22",sim,,,,
Centro-oeste,51,Mato Grosso,MT,5103304,Comodoro,"21.484,98","21.484,98",100,"-13,66","-59,79",sim,,,,
Centro-oeste,51,Mato Grosso,MT,5103353,Confresa,"5.802,31","5.802,31",100,"-10,65","-51,57",sim,,,,
Centro-oeste,51,Mato Grosso,MT,5103361,Conquista D'Oeste,"2.684,68","2.684,68",100,"-14,54","-59,54",sim,,,,
Centro-oeste,51,Mato Grosso,MT,5103379,Cotriguaçu,"9.469,96","9.469,96",100,"-9,90","-58,57",sim,,,,
Centro-oeste,51,Mato Grosso,MT,5103403,Cuiabá,"5.077,18","5.077,18",100,"-15,60","-56,10",sim,,,,
Centro-oeste,51,Mato Grosso,MT,5103437,Curvelândia,"357,13","357,13",100,"-15,61","-57,92",sim,,,,
Centro-oeste,51,Mato Grosso,MT,5103452,Denise,"1.273,18","1.273,18",100,"-14,73","-57,05",sim,,,,
Centro-oeste,51,Mato Grosso,MT,5103502,Diamantino,"8.263,40","8.263,40",100,"-14,41","-56,45",sim,,,,
Centro-oeste,51,Mato Grosso,MT,5103601,Dom Aquino,"2.183,60","2.183,60",100,"-15,81","-54,92",sim,,,,
Centro-oeste,51,Mato Grosso,MT,5103700,Feliz Natal,"11.661,51","11.661,51",100,"-12,39","-54,94",sim,,,,
Centro-oeste,51,Mato Grosso,MT,5103809,Figueirópolis D'Oeste,"891,45","891,45",100,"-15,45","-58,74",sim,,,,
Centro-oeste,51,Mato Grosso,MT,5103858,Gaúcha do Norte,"16.908,38","16.908,38",100,"-13,19","-53,26",sim,,,,
Centro-oeste,51,Mato Grosso,MT,5103908,General Carneiro,"3.731,22","3.731,22",100,"-15,71","-52,76",sim,,,,
Centro-oeste,51,Mato Grosso,MT,5103957,Glória D'Oeste,"833,13","833,13",100,"-15,77","-58,31",sim,,,,
Centro-oeste,51,Mato Grosso,MT,5104104,Guarantã do Norte,"4.725,28","4.725,28",100,"-9,95","-54,91",sim,,,,
Centro-oeste,51,Mato Grosso,MT,5104203,Guiratinga,"5.043,90","5.043,90",100,"-16,35","-53,76",sim,,,,
Centro-oeste,51,Mato Grosso,MT,5104500,Indiavaí,"592,50","592,49",100,"-15,49","-58,58",sim,,,,
Centro-oeste,51,Mato Grosso,MT,5104526,Ipiranga do Norte,"3.422,02","3.422,02",100,"-12,24","-56,15",sim,,,,
Centro-oeste,51,Mato Grosso,MT,5104542,Itanhangá,"2.909,75","2.909,75",100,"-12,23","-56,65",sim,,,,
Centro-oeste,51,Mato Grosso,MT,5104559,Itaúba,"4.521,79","4.521,79",100,"-11,01","-55,24",sim,,,,
Centro-oeste,51,Mato Grosso,MT,5104609,Itiquira,"8.698,81","8.698,81",100,"-17,21","-54,14",sim,,,,
Centro-oeste,51,Mato Grosso,MT,5104807,Jaciara,"1.679,50","1.679,50",100,"-15,96","-54,96",sim,,,,
Centro-oeste,51,Mato Grosso,MT,5104906,Jangada,"1.114,30","1.114,30",100,"-15,23","-56,49",sim,,,,
Centro-oeste,51,Mato Grosso,MT,5105002,Jauru,"1.345,41","1.345,41",100,"-15,34","-58,87",sim,,,,
Centro-oeste,51,Mato Grosso,MT,5105101,Juara,"22.632,71","22.632,71",100,"-11,25","-57,51",sim,,,,
Centro-oeste,51,Mato Grosso,MT,5105150,Juína,"26.397,17","26.397,17",100,"-11,42","-58,76",sim,,,,
Centro-oeste,51,Mato Grosso,MT,5105176,Juruena,"3.207,84","3.207,84",100,"-10,32","-58,49",sim,,,,
Centro-oeste,51,Mato Grosso,MT,5105200,Juscimeira,"2.291,31","2.291,31",100,"-16,05","-54,89",sim,,,,
Centro-oeste,51,Mato Grosso,MT,5105234,Lambari D'Oeste,"1.810,55","1.810,55",100,"-15,32","-58,01",sim,,,,
Centro-oeste,51,Mato Grosso,MT,5105259,Lucas do Rio Verde,"3.674,60","3.674,60",100,"-13,09","-55,92",sim,,,,
Centro-oeste,51,Mato Grosso,MT,5105309,Luciara,"4.282,73","4.282,73",100,"-11,22","-50,67",sim,,,,
Centro-oeste,51,Mato Grosso,MT,5105507,Vila Bela da Santíssima Trindade,"13.443,68","13.443,68",100,"-15,01","-59,95",sim,,,,
Centro-oeste,51,Mato Grosso,MT,5105580,Marcelândia,"12.285,49","12.285,49",100,"-11,08","-54,52",sim,,,,
Centro-oeste,51,Mato Grosso,MT,5105606,Matupá,"5.228,27","5.228,27",100,"-10,18","-54,93",sim,,,,
Centro-oeste,51,Mato Grosso,MT,5105622,Mirassol d'Oeste,"1.085,49","1.085,49",100,"-15,68","-58,10",sim,,,,
Centro-oeste,51,Mato Grosso,MT,5105903,Nobres,"3.908,74","3.908,74",100,"-14,73","-56,34",sim,,,,
Centro-oeste,51,Mato Grosso,MT,5106000,Nortelândia,"1.336,75","1.336,75",100,"-14,45","-56,80",sim,,,,
Centro-oeste,51,Mato Grosso,MT,5106109,Nossa Senhora do Livramento,"5.537,41","5.537,41",100,"-15,77","-56,35",sim,,,,
Centro-oeste,51,Mato Grosso,MT,5106158,Nova Bandeirantes,"9.556,66","9.556,66",100,"-9,86","-57,80",sim,,,,
Centro-oeste,51,Mato Grosso,MT,5106174,Nova Nazaré,"4.034,54","4.034,54",100,"-13,99","-51,80",sim,,,,
Centro-oeste,51,Mato Grosso,MT,5106182,Nova Lacerda,"4.780,41","4.780,41",100,"-14,48","-59,59",sim,,,,
Centro-oeste,51,Mato Grosso,MT,5106190,Nova Santa Helena,"2.385,61","2.385,61",100,"-10,85","-55,18",sim,,,,
Centro-oeste,51,Mato Grosso,MT,5106208,Nova Brasilândia,"3.290,03","3.290,03",100,"-14,93","-54,97",sim,,,,
Centro-oeste,51,Mato Grosso,MT,5106216,Nova Canaã do Norte,"5.953,10","5.953,10",100,"-10,64","-55,71",sim,,,,
Centro-oeste,51,Mato Grosso,MT,5106224,Nova Mutum,"9.536,81","9.536,81",100,"-13,82","-56,09",sim,,,,
Centro-oeste,51,Mato Grosso,MT,5106232,Nova Olímpia,"1.327,27","1.327,27",100,"-14,78","-57,29",sim,,,,
Centro-oeste,51,Mato Grosso,MT,5106240,Nova Ubiratã,"12.460,74","12.460,74",100,"-13,03","-55,25",sim,,,,
Centro-oeste,51,Mato Grosso,MT,5106257,Nova Xavantina,"5.520,46","5.520,46",100,"-14,68","-52,35",sim,,,,
Centro-oeste,51,Mato Grosso,MT,5106265,Novo Mundo,"5.800,76","5.800,76",100,"-9,97","-55,17",sim,,,,
Centro-oeste,51,Mato Grosso,MT,5106273,Novo Horizonte do Norte,"920,05","920,05",100,"-11,39","-57,32",sim,,,,
Centro-oeste,51,Mato Grosso,MT,5106281,Novo São Joaquim,"5.225,60","5.225,60",100,"-14,91","-53,02",sim,,,,
Centro-oeste,51,Mato Grosso,MT,5106299,Paranaíta,"4.814,15","4.814,15",100,"-9,67","-56,48",sim,,,,
Centro-oeste,51,Mato Grosso,MT,5106307,Paranatinga,"24.166,63","24.166,63",100,"-14,43","-54,05",sim,,,,
Centro-oeste,51,Mato Grosso,MT,5106315,Novo Santo Antônio,"4.394,78","4.394,78",100,"-12,29","-50,97",sim,,,,
Centro-oeste,51,Mato Grosso,MT,5106372,Pedra Preta,"3.841,67","3.841,67",100,"-16,62","-54,48",sim,,,,
Centro-oeste,51,Mato Grosso,MT,5106422,Peixoto de Azevedo,"14.433,78","14.433,78",100,"-10,25","-54,99",sim,,,,
Centro-oeste,51,Mato Grosso,MT,5106455,Planalto da Serra,"2.437,59","2.437,59",100,"-14,66","-54,78",sim,,,,
Centro-oeste,51,Mato Grosso,MT,5106505,Poconé,"17.156,76","17.156,76",100,"-16,27","-56,63",sim,,,,
Centro-oeste,51,Mato Grosso,MT,5106653,Pontal do Araguaia,"2.742,48","2.742,48",100,"-15,91","-52,26",sim,,,,
Centro-oeste,51,Mato Grosso,MT,5106703,Ponte Branca,"701,14","701,14",100,"-16,77","-52,84",sim,,,,
Centro-oeste,51,Mato Grosso,MT,5106752,Pontes e Lacerda,"8.545,29","8.545,29",100,"-15,23","-59,34",sim,,,,
Centro-oeste,51,Mato Grosso,MT,5106778,Porto Alegre do Norte,"3.971,72","3.971,72",100,"-10,88","-51,64",sim,,,,
Centro-oeste,51,Mato Grosso,MT,5106802,Porto dos Gaúchos,"6.846,67","6.846,67",100,"-11,53","-57,41",sim,,,,
Centro-oeste,51,Mato Grosso,MT,5106828,Porto Esperidião,"5.832,08","5.832,08",100,"-15,85","-58,47",sim,,,,
Centro-oeste,51,Mato Grosso,MT,5106851,Porto Estrela,"2.045,47","2.045,47",100,"-15,33","-57,20",sim,,,,
Centro-oeste,51,Mato Grosso,MT,5107008,Poxoréu,"6.915,30","6.915,30",100,"-15,83","-54,40",sim,,,,
Centro-oeste,51,Mato Grosso,MT,5107040,Primavera do Leste,"5.470,38","5.470,38",100,"-15,56","-54,30",sim,,,,
Centro-oeste,51,Mato Grosso,MT,5107065,Querência,"17.799,99","17.799,99",100,"-12,60","-52,21",sim,,,,
Centro-oeste,51,Mato Grosso,MT,5107107,São José dos Quatro Marcos,"1.282,76","1.282,76",100,"-15,63","-58,18",sim,,,,
Centro-oeste,51,Mato Grosso,MT,5107156,Reserva do Cabaçal,"1.331,68","1.331,68",100,"-15,12","-58,38",sim,,,,
Centro-oeste,51,Mato Grosso,MT,5107180,Ribeirão Cascalheira,"11.354,56","11.354,55",100,"-12,94","-51,83",sim,,,,
Centro-oeste,51,Mato Grosso,MT,5107198,Ribeirãozinho,"625,00","625,00",100,"-16,49","-52,69",sim,,,,
Centro-oeste,51,Mato Grosso,MT,5107206,Rio Branco,"539,29","539,29",100,"-15,24","-58,11",sim,,,,
Centro-oeste,51,Mato Grosso,MT,5107248,Santa Carmem,"3.812,09","3.812,09",100,"-11,97","-55,28",sim,,,,
Centro-oeste,51,Mato Grosso,MT,5107263,Santo Afonso,"1.166,38","1.166,38",100,"-14,50","-57,00",sim,,,,
Centro-oeste,51,Mato Grosso,MT,5107297,São José do Povo,"489,74","489,74",100,"-16,47","-54,25",sim,,,,
Centro-oeste,51,Mato Grosso,MT,5107305,São José do Rio Claro,"4.525,30","4.525,30",100,"-13,44","-56,72",sim,,,,
Centro-oeste,51,Mato Grosso,MT,5107354,São José do Xingu,"7.465,56","7.465,56",100,"-10,80","-52,74",sim,,,,
Centro-oeste,51,Mato Grosso,MT,5107404,São Pedro da Cipa,"344,33","344,33",100,"-16,00","-54,92",sim,,,,
Centro-oeste,51,Mato Grosso,MT,5107578,Rondolândia,"12.658,34","12.658,34",100,"-10,84","-61,46",sim,,,,
Centro-oeste,51,Mato Grosso,MT,5107602,Rondonópolis,"4.824,02","4.824,02",100,"-16,48","-54,62",sim,,,,
Centro-oeste,51,Mato Grosso,MT,5107701,Rosário Oeste,"7.339,44","7.339,44",100,"-14,84","-56,43",sim,,,,
Centro-oeste,51,Mato Grosso,MT,5107743,Santa Cruz do Xingu,"5.623,39","5.623,39",100,"-10,15","-52,39",sim,,,,
Centro-oeste,51,Mato Grosso,MT,5107750,Salto do Céu,"1.753,38","1.753,38",100,"-15,13","-58,13",sim,,,,
Centro-oeste,51,Mato Grosso,MT,5107768,Santa Rita do Trivelato,"4.747,04","4.747,04",100,"-13,82","-55,28",sim,,,,
Centro-oeste,51,Mato Grosso,MT,5107776,Santa Terezinha,"6.466,22","6.466,22",100,"-10,47","-50,51",sim,,,,
Centro-oeste,51,Mato Grosso,MT,5107792,Santo Antônio do Leste,"3.403,59","3.403,59",100,"-14,80","-53,61",sim,,,,
Centro-oeste,51,Mato Grosso,MT,5107800,Santo Antônio do Leverger,"9.469,14","9.469,14",100,"-15,86","-56,08",sim,,,,
Centro-oeste,51,Mato Grosso,MT,5107859,São Félix do Araguaia,"16.682,47","16.682,47",100,"-11,62","-50,66",sim,,,,
Centro-oeste,51,Mato Grosso,MT,5107875,Sapezal,"13.614,55","13.614,55",100,"-13,55","-58,82",sim,,,,
Centro-oeste,51,Mato Grosso,MT,5107883,Serra Nova Dourada,"1.490,79","1.490,79",100,"-12,09","-51,40",sim,,,,
Centro-oeste,51,Mato Grosso,MT,5107909,Sinop,"3.990,87","3.990,87",100,"-11,86","-55,51",sim,,,,
Centro-oeste,51,Mato Grosso,MT,5107925,Sorriso,"9.293,63","9.293,63",100,"-12,55","-55,73",sim,,,,
Centro-oeste,51,Mato Grosso,MT,5107941,Tabaporã,"8.439,05","8.439,05",100,"-11,31","-56,82",sim,,,,
Centro-oeste,51,Mato Grosso,MT,5107958,Tangará da Serra,"11.636,83","11.636,83",100,"-14,62","-57,49",sim,,,,
Centro-oeste,51,Mato Grosso,MT,5108006,Tapurah,"4.492,54","4.492,54",100,"-12,74","-56,51",sim,,,,
Centro-oeste,51,Mato Grosso,MT,5108055,Terra Nova do Norte,"2.399,74","2.399,74",100,"-10,60","-55,11",sim,,,,
Centro-oeste,51,Mato Grosso,MT,5108105,Tesouro,"4.245,13","4.245,13",100,"-16,08","-53,55",sim,,,,
Centro-oeste,51,Mato Grosso,MT,5108204,Torixoréu,"2.398,38","2.398,38",100,"-16,20","-52,56",sim,,,,
Centro-oeste,51,Mato Grosso,MT,5108303,União do Sul,"4.590,63","4.590,63",100,"-11,53","-54,37",sim,,,,
Centro-oeste,51,Mato Grosso,MT,5108352,Vale de São Domingos,"1.901,55","1.901,54",100,"-15,30","-59,07",sim,,,,
Centro-oeste,51,Mato Grosso,MT,5108402,Várzea Grande,"724,28","724,28",100,"-15,66","-56,14",sim,,,,
Centro-oeste,51,Mato Grosso,MT,5108501,Vera,"3.058,36","3.058,36",100,"-12,30","-55,29",sim,,,,
Centro-oeste,51,Mato Grosso,MT,5108600,Vila Rica,"7.436,38","7.436,38",100,"-10,01","-51,11",sim,,,,
Centro-oeste,51,Mato Grosso,MT,5108808,Nova Guarita,"1.121,93","1.121,93",100,"-10,31","-55,40",sim,,,,
Centro-oeste,51,Mato Grosso,MT,5108857,Nova Marilândia,"1.905,74","1.905,74",100,"-14,36","-56,97",sim,,,,
Centro-oeste,51,Mato Grosso,MT,5108907,Nova Maringá,"11.553,48","11.553,48",100,"-13,04","-57,09",sim,,,,
Centro-oeste,51,Mato Grosso,MT,5108956,Nova Monte Verde,"5.139,31","5.139,31",100,"-9,98","-57,47",sim,,,,